age,customer_months,policy_state,policy_csl,policy_deductable,policy_annual_premium,umbrella_limit,insured_zip,insured_sex,insured_education_level,insured_occupation,insured_hobbies,insured_relationship,capital-gains,capital-loss,incident_type,collision_type,incident_severity,authorities_contacted,incident_state,incident_city,incident_hour_of_the_day,number_of_vehicles_involved,property_damage,bodily_injuries,witnesses,police_report_available,total_claim_amount,injury_claim,property_claim,vehicle_claim,auto_make,auto_model,auto_year,policy_bind_date_diff,incident_date_diff,incident_date_policy_bind_date_diff
37,189,2,2,1000,1465.71,5000000,455456,0,5,10,15,1,62203,0,2,3,2,0,4,5,21,1,2,0,3,2,54930,6029,5752,44452,9,26,2000,8640,9128,488
44,234,1,1,500,821.24,0,591805,1,3,2,14,2,31606,0,0,3,1,3,4,6,4,3,2,2,1,1,50680,5376,10156,37347,6,10,1996,2932,9186,6254
33,23,1,2,1000,1844.0,0,442490,0,2,6,16,5,0,-43166,2,3,2,4,2,3,0,1,2,2,1,0,47829,4460,9247,33644,7,36,2002,2234,9155,6921
42,210,0,2,500,1867.29,0,439408,1,3,13,18,3,0,-49440,0,1,0,1,2,3,20,3,1,2,2,1,68862,11043,5955,53548,11,21,2003,6899,9170,2271
29,81,0,0,1000,816.25,0,640575,0,4,2,18,3,75296,-73689,0,2,2,1,1,3,9,3,1,2,1,1,59726,5617,10301,41550,5,14,2004,4397,9177,4780
47,305,2,0,500,1592.15,0,483650,0,3,0,17,4,11208,0,0,2,0,4,1,6,11,4,1,0,2,0,57974,12975,6619,39006,10,2,1996,3519,9151,5632
48,308,2,1,1000,1442.75,3000000,462503,1,6,3,9,2,56711,-36076,0,3,2,1,0,0,17,3,2,0,0,0,53693,5731,5685,42042,12,18,2013,7115,9182,2067
30,103,2,2,1000,1325.87,0,460080,0,6,1,3,1,72114,0,0,3,1,0,2,1,4,3,0,2,2,1,63344,11427,5429,43300,11,21,2012,6582,9198,2616
42,46,0,0,2000,950.27,0,610944,0,4,8,18,0,44093,-66167,0,2,2,0,1,2,23,3,0,1,3,2,74670,12864,20141,44657,4,30,2004,7627,9168,1541
41,280,1,1,1000,1314.43,6000000,455585,0,2,11,4,2,69374,-70440,0,1,0,0,0,1,16,3,2,1,3,1,55484,6128,12680,37788,10,1,2007,3242,9150,5908
36,189,0,0,500,1484.89,0,464708,0,3,0,10,3,45188,0,2,2,2,0,1,1,6,1,2,2,0,1,43875,4805,5044,35665,11,15,2003,1756,9158,7402
25,80,0,2,500,825.53,0,455180,1,3,4,16,0,0,-52326,0,2,0,4,6,0,16,3,1,1,3,2,42809,3524,7271,28611,5,14,2000,9038,9205,167
37,201,2,1,1000,1132.57,0,618340,1,2,1,11,3,0,0,0,2,2,1,1,6,11,3,2,1,3,1,47977,5550,5605,39698,1,4,2015,4069,9174,5105
28,65,2,0,1000,1174.28,0,467185,0,1,0,8,5,44720,-42330,2,1,2,0,2,0,17,1,2,1,2,1,41383,3648,7040,31615,3,32,2004,4280,9176,4896
55,412,1,1,1000,1525.08,0,463023,0,1,10,8,2,0,0,0,3,0,0,3,6,23,3,2,0,0,2,40231,3478,3373,32853,13,28,2007,928,9163,8235
36,8,0,0,2000,1213.7,0,638541,1,5,11,14,3,0,0,0,2,0,3,6,0,16,3,0,1,3,1,69140,17110,11528,45056,5,13,2006,8742,9122,380
47,283,0,2,1000,1410.6,0,450047,1,2,3,3,1,0,0,0,3,2,3,2,5,22,3,0,1,3,2,92502,14813,15658,60400,2,37,2009,2600,9155,6555
59,453,2,0,2000,1132.53,0,458733,0,4,13,12,2,57482,0,0,3,0,3,2,2,12,4,1,0,0,0,61983,10278,10614,41701,0,23,1999,1008,9185,8177
39,186,1,1,500,1432.24,0,491615,0,1,7,4,5,0,0,0,2,1,3,0,4,10,3,0,0,3,0,54511,4955,10150,42848,2,22,2011,9093,9190,97
44,257,0,0,500,1227.23,0,475409,0,4,9,9,4,56813,-62976,2,2,2,1,2,2,11,1,0,0,0,2,64704,10925,5560,46597,9,35,1997,9104,9162,58
49,303,0,0,2000,1302.07,0,630452,1,4,1,14,4,0,0,0,3,0,3,6,4,18,3,1,2,1,1,69138,13606,7224,46174,5,14,1995,5294,9179,3885
26,21,0,0,1000,1284.22,0,446733,1,6,2,16,1,68711,0,2,2,1,1,0,0,3,1,1,1,2,0,81345,15196,7503,55837,3,32,1995,6408,9154,2746
55,413,1,2,500,1413.89,0,620671,1,2,12,4,5,0,-50338,1,0,1,2,0,6,3,1,1,1,3,2,2566,499,496,1728,13,28,2000,2484,9166,6682
44,312,1,2,500,1298.82,0,471425,0,4,9,8,1,25345,0,2,2,2,3,2,2,0,1,2,2,3,2,68884,12319,6709,53011,10,1,1998,2348,9215,6867
22,11,1,2,1000,1153.1,0,452744,0,6,12,13,2,52839,0,0,2,1,4,0,5,13,3,0,2,1,2,51021,5669,6167,39642,9,35,2011,1793,9155,7362
44,273,0,1,500,1272.06,0,570397,1,6,0,17,4,50078,0,1,0,1,2,4,3,0,1,0,1,3,1,1839,468,0,1370,3,34,2011,4456,9181,4725
61,433,2,0,500,1257.34,6000000,478343,1,6,2,7,4,54283,-39925,2,1,0,1,4,6,0,1,1,0,0,2,72730,14461,6853,47579,5,14,2015,4861,9138,4277
44,284,0,0,1000,1495.48,6000000,436543,1,1,8,4,2,0,0,0,3,1,1,1,4,21,3,0,1,0,0,61273,9195,9306,42336,2,38,1999,1289,9128,7839
31,111,2,1,500,1296.22,7000000,469787,0,2,12,13,1,42618,-92203,2,3,1,1,1,6,12,1,1,0,1,0,86112,14352,14338,62348,1,5,2009,7909,9149,1240
36,202,0,2,500,1536.74,0,612250,0,4,12,10,3,39590,-32901,2,1,2,0,0,3,8,1,2,1,3,1,61021,6216,6152,50488,12,18,2000,8226,9219,993
31,172,0,2,2000,1264.13,0,446854,0,6,8,12,3,0,0,2,1,1,1,0,0,10,1,2,0,1,2,51613,6130,5988,42869,11,19,2006,2574,9182,6608
35,151,2,2,2000,1427.55,0,578764,0,5,1,5,3,0,0,0,3,0,0,1,1,11,3,2,0,1,2,54082,6052,6302,44466,5,16,2015,8501,9184,683
36,189,1,0,1000,1203.52,0,431126,0,5,3,12,5,0,-39332,2,2,2,3,2,6,19,1,0,0,0,2,76140,14753,7705,55228,8,7,2000,2616,9127,6511
60,460,1,1,1000,1265.16,0,497473,1,2,0,13,3,46505,0,1,0,1,2,3,3,5,1,1,1,3,0,4812,901,470,3309,4,27,2007,7099,9219,2120
45,232,0,1,2000,1132.01,0,449551,1,1,7,8,5,26728,0,2,2,0,1,0,3,22,1,2,1,1,1,55012,5445,10747,40331,7,17,2002,1762,9161,7399
41,57,1,1,500,1346.08,0,451499,0,0,0,5,1,0,0,2,2,2,3,0,1,13,1,2,1,2,1,61612,11347,11124,38582,2,37,1998,2381,9169,6788
40,216,2,0,500,1319.38,0,623381,1,6,13,14,0,65291,0,2,3,1,1,3,4,22,1,2,1,1,0,38556,8022,4040,24847,3,32,1995,2545,9123,6578
36,141,0,0,1000,1475.15,0,451716,0,2,2,5,5,0,-41698,1,0,3,2,1,1,5,1,2,0,2,1,2931,516,268,2119,3,34,1997,6647,9136,2489
37,151,2,2,2000,1278.28,6000000,445319,0,0,11,15,2,24001,-15163,1,0,1,2,4,0,7,1,0,0,0,2,7244,703,1482,5361,4,27,2014,1410,9202,7792
37,219,1,0,1000,882.98,7000000,457711,0,4,2,3,4,68874,-21876,2,1,0,1,1,5,0,1,2,1,3,0,70564,14647,14721,45454,0,33,2002,3604,9179,5575
33,164,0,0,1000,1770.8,3000000,439277,1,3,9,12,4,0,0,0,2,2,0,2,6,4,3,0,0,1,0,34834,3803,7039,24639,13,20,1998,8747,9203,456
35,150,2,1,500,670.84,0,593129,0,6,2,16,5,0,-60960,2,2,2,1,2,1,3,1,2,0,1,0,104514,15626,16854,69738,4,30,1999,5719,9178,3459
43,283,1,0,500,1441.05,0,623155,0,2,6,10,1,0,0,0,2,2,0,1,3,21,3,0,1,0,0,96531,16614,8366,68296,8,24,2005,81,9138,9057
59,428,2,0,2000,1362.22,0,469873,1,1,0,17,4,42785,-64640,0,1,2,4,1,4,10,3,0,0,0,0,64307,5991,12082,45102,7,36,2012,1066,9189,8123
31,158,0,0,2000,1261.03,0,438284,0,0,5,16,2,0,-39178,2,3,2,3,1,2,0,1,2,0,0,2,34545,3598,7028,24451,11,21,2012,8724,9158,434
47,370,1,1,500,1187.55,4000000,611678,1,0,11,2,5,51039,-73660,0,3,2,1,0,1,17,3,2,1,1,0,59114,6282,6282,43314,8,12,1995,5845,9144,3299
32,27,1,0,500,1450.2,0,585487,0,6,7,9,3,0,0,2,1,2,4,2,0,21,1,0,1,1,1,27672,2822,2653,23223,12,9,2012,2593,9181,6588
30,66,2,2,500,500.17,0,616825,0,1,0,13,5,21543,-59158,0,1,0,1,1,0,2,3,2,0,2,1,66215,11896,11657,39842,13,28,2015,4949,9158,4209
28,124,0,2,1000,1029.23,0,474861,0,3,4,12,2,0,-40194,0,1,1,0,1,2,21,2,1,2,1,0,81704,12870,13027,57800,5,16,2010,725,9134,8409
32,186,1,1,1000,1251.92,0,472643,1,3,7,10,1,0,0,2,2,2,0,2,3,11,1,2,2,1,1,59270,11183,5785,39595,9,29,1997,5258,9162,3904
31,158,2,0,2000,1424.72,0,636000,0,1,2,16,0,67124,-36051,0,2,0,0,0,1,23,3,1,2,0,0,43354,8070,4063,32444,8,7,2004,6428,9209,2781
29,109,0,1,1000,1201.4,0,430976,0,5,10,7,0,0,-34144,3,0,1,2,2,0,3,1,0,0,3,1,4736,538,518,3672,3,25,2013,6380,9170,2790
56,389,2,0,1000,1360.92,0,449134,1,2,10,8,2,0,-22803,0,1,0,3,4,1,22,3,1,2,1,0,50930,12228,5635,34339,10,2,1995,998,9157,8159
62,470,0,1,1000,742.43,0,612872,0,0,11,11,0,0,0,1,0,1,4,2,1,6,1,2,0,3,2,5044,470,898,3554,8,12,2007,2543,9211,6668
33,99,2,1,500,1101.28,0,419482,1,2,3,11,3,30592,-45848,0,2,2,4,0,5,23,3,1,1,3,1,65222,9995,10239,42865,13,20,2006,2782,9166,6384
58,389,2,2,1000,1078.11,4000000,449493,1,4,8,8,2,43985,0,0,1,2,3,0,3,21,3,2,2,3,2,61132,9850,10700,41205,10,2,2008,3678,9159,5481
44,295,0,2,2000,1156.3,0,461259,0,0,0,10,3,75117,-39112,2,1,1,0,3,3,15,1,0,1,0,1,52272,6012,6264,42965,12,18,1996,3531,9166,5635
43,264,1,0,500,963.86,0,444257,0,5,4,0,1,0,-39339,3,0,3,4,1,5,15,1,0,1,3,0,7987,1310,660,5731,1,5,2008,7155,9176,2021
37,221,2,1,500,1457.72,0,469099,0,6,2,4,4,0,0,2,2,2,4,1,0,10,1,2,0,1,0,72184,6857,14663,51865,13,28,2008,7353,9146,1793
43,333,2,0,2000,854.79,6000000,592869,1,4,12,2,5,0,-40226,2,2,1,3,5,2,13,1,2,1,0,1,82863,15776,15139,49383,7,36,2011,7391,9147,1756
32,155,2,0,1000,954.39,6000000,451151,1,3,8,10,1,28164,0,0,2,2,0,1,2,14,3,1,2,0,0,65316,5804,11271,46712,11,15,1999,4459,9124,4665
38,61,1,1,2000,750.15,0,453713,1,1,10,9,2,65548,-31847,0,1,2,0,6,6,0,3,2,0,2,0,49146,5964,11918,35273,2,37,2010,7965,9176,1211
37,253,0,1,500,1499.02,0,463803,0,6,1,3,1,36366,0,0,3,2,1,2,6,17,3,1,0,3,0,28889,2850,5713,19976,1,4,2010,4184,9152,4968
24,63,0,1,1000,1068.05,0,469324,0,1,11,7,5,0,-74272,2,3,0,3,0,0,14,1,0,1,0,1,49884,6425,6877,40832,0,23,2005,3647,9133,5486
28,72,1,1,1000,1340.92,0,634448,1,2,6,19,0,64915,-57915,0,3,1,4,2,0,14,4,0,1,0,1,33168,3555,3527,24122,12,9,2006,5065,9151,4086
33,153,0,0,2000,596.74,0,420115,1,1,7,15,2,0,-51827,0,1,0,3,3,1,14,3,2,1,2,0,48310,10535,5273,35631,8,12,2013,7224,9168,1944
46,286,2,1,1000,1343.17,0,491838,1,2,3,3,2,0,-63303,0,3,1,0,2,3,20,3,1,1,3,1,53464,6464,11918,35755,1,5,2002,6792,9158,2366
30,117,0,2,1000,1173.53,0,501445,0,5,9,17,1,49464,-61553,2,1,0,1,1,0,3,1,1,2,0,0,112863,10800,20738,73868,4,27,1997,4616,9135,4519
29,102,0,2,500,942.29,0,644995,1,0,9,0,2,70297,0,1,0,1,4,6,1,5,1,0,2,3,0,7415,770,1551,4943,0,23,2005,1721,9169,7448
32,145,2,1,500,1019.05,6000000,483683,0,6,9,8,3,50031,0,2,1,0,3,0,4,4,1,2,0,0,2,65100,8402,0,61381,12,11,2013,2590,9165,6575
39,11,1,1,2000,1518.57,0,417005,1,6,7,19,0,56600,-45067,2,1,2,0,2,5,22,1,1,0,1,0,65461,7397,7551,51886,10,2,2007,1269,9153,7884
61,498,1,2,500,1232.81,0,630268,0,5,5,13,5,0,-60095,2,1,0,1,1,1,23,1,1,0,2,2,63963,9870,10018,44683,8,12,1998,5349,9176,3827
27,78,2,1,1000,1169.07,0,605902,1,2,5,2,1,57494,-91001,0,1,1,4,1,4,23,3,0,0,2,1,78287,6305,12703,62056,13,28,2003,977,9186,8209
31,77,0,2,500,1520.38,5000000,422429,0,0,8,12,1,39261,-44000,3,0,1,4,2,4,7,1,0,2,1,0,7700,1388,731,5869,8,12,1995,6317,9146,2829
34,170,2,0,500,1216.9,0,490058,0,0,7,14,0,36288,0,0,2,2,1,4,3,11,3,1,1,1,2,74719,0,14566,65992,6,10,2014,0,9178,9178
32,130,0,2,1000,1173.67,2000000,428583,0,3,8,17,3,38168,-75088,2,1,0,0,2,4,21,1,1,1,2,2,54809,6851,7067,42285,11,21,2009,6516,9139,2623
27,68,2,1,1000,1025.93,4000000,449423,0,5,0,18,3,44942,0,3,0,3,4,2,1,19,1,0,2,3,2,4593,0,528,3799,12,9,2000,5330,9128,3798
49,323,1,2,1000,948.12,0,435432,0,2,11,19,0,0,0,2,3,2,1,0,2,19,1,1,0,0,0,48716,8598,8812,32749,3,32,1995,4774,9172,4398
34,206,1,0,500,1065.72,0,462533,0,3,9,13,1,0,0,2,2,2,0,2,3,1,1,1,1,1,2,40026,7328,6951,28251,2,37,2011,2441,9144,6703
40,221,1,2,2000,849.77,0,427434,0,0,6,16,3,47260,0,0,3,2,4,1,0,15,3,2,1,2,2,38445,0,4540,32911,0,31,1996,5831,9190,3359
39,260,1,0,1000,1310.47,0,418937,0,0,7,4,5,72908,0,1,0,1,2,0,2,6,1,0,0,0,0,3086,546,269,2269,1,4,2012,2153,9187,7034
39,278,2,1,1000,1581.86,0,589629,1,3,6,4,2,0,-55682,0,2,2,3,2,5,15,3,1,1,1,0,80623,16750,8832,58390,3,25,2007,6258,9141,2883
29,37,1,1,2000,1416.1,0,440949,0,2,5,14,0,0,-16390,0,2,0,1,4,3,14,3,2,1,0,0,53016,10255,10497,31556,2,38,2014,4782,9155,4373
41,237,2,0,1000,1487.45,0,450579,1,3,13,17,3,0,0,0,3,1,0,0,6,19,3,2,2,0,2,53464,4278,4503,42387,1,4,2006,693,9197,8504
37,227,1,1,2000,1261.81,0,468424,0,4,2,13,1,67830,0,0,3,0,3,2,1,14,3,1,1,1,1,70960,11906,5747,51776,5,16,1995,2686,9147,6461
41,276,1,2,1000,742.28,0,452086,1,0,9,12,3,12838,-51141,2,3,2,4,1,4,12,1,1,1,3,1,72600,7586,7618,56301,7,17,2005,3134,9184,6050
32,105,0,0,500,1177.51,4000000,423052,1,0,6,19,2,82182,0,3,0,3,4,1,0,8,1,2,1,3,0,3779,797,399,2806,5,14,2010,4487,9222,4735
54,375,1,1,500,1423.61,0,601915,0,2,2,12,3,51500,0,3,0,3,4,4,2,9,1,0,1,0,0,7000,1081,1066,4817,1,5,1999,3387,9169,5782
40,240,1,1,1000,1591.34,0,597144,0,4,1,6,3,0,0,2,1,0,1,1,5,16,1,2,0,0,1,52055,5339,5350,43270,10,1,2015,8662,9159,497
25,32,0,0,2000,1203.6,6000000,446015,1,3,7,14,1,0,-81396,2,3,2,1,3,4,16,1,2,1,2,2,44635,8781,4481,33315,12,11,2009,9087,9182,95
46,277,2,2,2000,1149.47,7000000,465600,0,4,4,7,1,0,-52650,2,1,2,0,1,4,12,1,2,2,0,2,76126,11466,11700,50438,3,32,1997,3479,9127,5648
27,101,0,1,500,1379.5,0,594768,1,6,1,7,3,30360,-52099,0,2,1,0,1,0,0,3,2,2,1,2,68957,12721,11633,41743,2,38,1996,8990,9167,177
38,242,0,1,1000,811.06,0,590543,0,1,7,13,1,0,-62187,2,3,0,0,2,4,16,1,0,0,1,2,68243,16275,5809,45629,8,12,2014,1054,9174,8120
54,424,0,1,1000,1163.98,6000000,451507,1,0,6,16,3,70635,-42486,2,2,1,0,2,6,0,1,1,2,0,1,39835,6362,6257,25635,11,15,2002,3257,9177,5920
55,420,2,1,1000,1302.63,4000000,442761,0,5,13,6,1,0,-65356,2,1,1,0,3,2,23,1,0,2,0,1,54055,5230,5347,43074,0,23,2005,7429,9133,1704
38,144,0,1,2000,1929.15,0,461816,0,6,5,17,1,70678,0,0,2,0,1,1,1,17,3,1,1,3,0,53910,5276,11184,38308,3,32,2015,8340,9136,796
25,93,1,1,1000,1218.27,0,464525,1,1,3,17,1,0,0,0,2,0,3,3,6,4,2,1,2,2,0,51357,10211,5150,35773,6,8,2000,686,9156,8470
46,261,0,2,500,1130.52,0,623998,0,6,8,19,1,84864,-53459,0,3,2,3,3,1,23,3,2,0,0,1,54611,10156,0,44726,10,1,2005,4991,9162,4171
49,374,1,2,1000,1567.82,0,452519,1,5,5,5,1,0,-34084,3,0,1,4,1,2,5,1,1,2,2,2,4495,808,849,2907,4,30,2009,4351,9160,4809
29,138,2,0,500,1354.79,5000000,439117,0,2,3,7,4,0,-67276,2,2,1,1,1,5,16,1,0,2,0,1,56906,10686,5565,38124,12,18,2010,685,9124,8439
30,90,1,1,2000,1316.63,8000000,611951,0,5,6,9,4,42056,0,0,3,1,3,1,3,13,3,1,2,0,2,80613,12766,13364,57505,2,38,2009,7464,9153,1689
33,102,0,0,500,1549.36,3000000,440796,1,3,12,5,5,0,0,2,3,2,3,6,3,11,1,0,1,0,0,48300,9176,4801,33445,3,32,2004,9024,9149,125
39,169,1,0,2000,1606.02,0,431400,1,4,10,18,4,62222,-32709,2,3,2,3,2,1,8,1,0,0,0,2,42295,5748,5788,29433,11,19,2001,1077,9158,8081
38,228,2,2,500,1330.29,0,614888,0,3,11,15,0,34108,0,2,3,1,3,4,5,10,1,1,1,0,1,60025,6715,6709,44511,8,24,1995,8314,9156,842
34,177,0,1,500,1815.45,5000000,429630,1,1,13,11,4,32636,-51612,2,2,2,4,2,2,17,1,2,2,1,1,47820,4235,8909,32817,13,20,2006,1913,9171,7258
46,256,0,0,2000,1505.81,0,595322,0,4,0,14,5,0,0,0,1,2,4,3,5,4,4,0,2,1,2,73861,15173,7632,51433,13,20,1996,5359,9135,3776
40,173,2,2,500,1330.81,5000000,440342,1,6,3,10,0,0,-44951,0,1,0,3,1,0,9,3,1,2,2,1,72970,12720,6444,50257,12,18,2012,1938,9199,7261
43,292,1,0,500,1146.61,0,622022,0,1,9,9,2,46000,-63062,1,0,3,4,2,1,3,1,2,2,0,0,5160,494,492,3916,4,30,2003,4253,9207,4954
19,2,2,2,1000,1234.0,4000000,637246,0,2,2,9,2,0,-54371,2,3,1,3,2,1,22,1,0,1,3,1,46473,4005,8100,36922,1,5,2000,4826,9195,4369
39,183,0,2,2000,999.95,0,611574,0,3,3,4,2,36383,-51122,1,0,3,2,1,2,10,1,2,2,1,1,6155,618,599,5176,9,35,2001,6238,9197,2959
60,417,0,0,500,993.95,0,491492,0,0,3,6,5,0,-58652,2,1,0,4,4,4,18,1,1,2,1,2,94751,7960,15891,75483,0,33,2002,3978,9173,5195
50,386,2,1,1000,1622.68,0,613114,1,6,6,2,1,76575,0,0,3,0,3,2,6,2,3,0,2,1,1,88133,12766,13506,56803,13,28,2011,1529,9160,7631
57,415,2,0,500,2003.6,4000000,486363,1,5,6,15,3,48114,-81100,2,2,0,0,0,2,7,1,2,2,3,2,90319,16758,8514,69058,8,12,2004,36,9158,9122
42,272,2,0,500,934.09,0,632075,0,3,3,16,1,55317,-73974,2,1,2,1,0,5,18,1,2,1,0,2,72082,15562,7818,51143,6,8,2011,7083,9178,2095
40,199,1,1,2000,1815.16,0,455185,1,3,10,4,2,0,-76084,0,2,1,0,1,2,0,3,0,1,0,0,45935,4846,4894,39922,7,17,2009,4192,9121,4929
40,215,0,0,1000,1646.35,0,623615,1,3,13,0,1,55392,-43804,2,2,2,3,2,4,17,1,0,1,0,1,43424,7887,3907,33382,0,23,2000,3893,9198,5305
57,372,0,0,1000,1104.57,0,446661,0,3,7,0,4,43423,-72501,0,2,2,4,0,2,0,3,0,0,3,0,38816,0,0,40801,11,21,1998,6886,9172,2286
37,217,2,2,1000,1275.99,0,426596,0,5,4,0,1,0,-54735,2,2,2,3,0,1,17,1,0,0,2,1,54560,9999,9870,33574,10,3,2004,1858,9179,7321
52,363,0,2,500,1448.75,0,617295,1,1,7,1,5,52924,0,0,3,2,4,1,3,15,3,0,0,0,2,92264,16109,8117,68567,3,25,2014,8723,9167,444
47,276,0,1,2000,1164.0,0,472350,0,5,4,12,5,49035,-74385,3,0,3,4,2,5,9,1,0,2,1,0,2581,310,313,2163,6,6,2006,3614,9181,5567
24,62,1,1,1000,978.96,0,483741,1,5,9,18,0,54476,0,0,3,0,0,1,1,22,4,0,0,0,2,78094,12537,13003,47930,12,11,2005,3678,9133,5455
35,167,2,1,1000,1497.19,0,466565,1,4,7,6,0,55087,-49251,2,3,2,0,2,6,1,1,1,2,1,0,50721,5618,11317,32718,12,11,2013,3700,9175,5475
30,118,1,0,1000,1592.57,0,448635,1,2,4,18,5,48984,-63936,0,1,0,0,0,2,1,3,0,1,2,2,75259,14510,13767,51523,11,19,2015,829,9130,8301
28,81,1,2,2000,1214.06,0,619886,1,1,8,7,4,50349,-59163,0,2,1,1,0,3,14,4,1,0,0,0,60369,11191,5455,43475,12,9,2012,2380,9194,6814
44,257,0,1,2000,1635.92,0,460437,0,5,3,8,0,0,0,2,1,1,3,0,3,8,1,1,0,0,1,106349,15986,16345,72234,1,4,2002,2288,9151,6863
37,235,2,0,500,1534.91,0,469570,0,5,10,15,4,0,-48856,3,0,3,4,2,6,5,1,1,1,2,2,7692,765,1519,5567,10,2,2000,700,9213,8513
45,307,0,2,1000,1082.63,6000000,488186,1,3,9,7,3,36900,-52305,2,3,1,4,1,0,18,1,0,2,3,1,32644,3117,6398,25132,13,28,2005,6352,9166,2814
31,126,2,1,500,1333.95,0,440738,0,0,9,1,5,0,-56238,2,3,2,1,1,4,13,1,2,1,2,0,68946,11719,11479,48945,8,24,2009,5673,9206,3533
55,381,2,0,2000,1372.0,0,453877,1,2,2,12,5,35810,-78570,0,1,0,0,1,1,18,3,2,1,2,2,31440,5519,5444,20788,5,16,2010,8173,9158,985
41,250,0,2,1000,1277.42,0,480546,0,3,12,14,3,47995,-75748,2,3,1,3,3,1,22,1,1,1,3,0,65029,12785,12759,38394,13,20,2011,8582,9164,582
29,42,2,0,500,1425.93,0,474463,1,4,8,12,1,0,0,1,0,1,2,0,6,6,1,2,1,3,2,6077,1002,961,4112,11,19,2000,241,9201,8960
46,261,1,2,1000,1268.03,0,493064,1,4,13,0,3,0,0,2,1,2,1,0,1,11,1,1,1,0,2,57820,9198,9400,42673,5,13,2008,989,9201,8212
25,91,2,0,500,727.71,0,431961,1,4,3,4,0,51004,0,0,1,0,1,6,6,6,3,1,1,2,1,36736,3603,7692,24996,9,29,2010,6483,9164,2681
52,393,1,2,2000,789.88,0,462942,1,5,1,5,4,0,0,3,0,1,4,4,5,6,1,0,1,2,0,6457,624,1220,4299,8,7,2001,3013,9144,6131
37,191,0,0,500,957.91,0,477744,1,2,0,9,0,70229,-74445,3,0,3,2,0,2,7,1,2,1,1,1,3715,409,395,2889,6,10,1999,8567,9191,624
33,196,2,1,2000,1299.6,0,649422,1,2,3,18,5,55237,-81728,3,0,3,2,3,2,13,1,0,0,3,1,6522,1138,1233,4130,13,20,2002,1718,9134,7416
40,237,0,2,2000,1457.11,0,629428,1,3,2,15,4,0,0,0,2,1,1,1,4,20,3,2,1,0,1,50580,5701,5223,38200,10,3,1999,4054,9170,5116
37,211,2,0,2000,1222.16,0,472567,0,4,2,4,5,0,0,0,2,2,0,5,2,17,3,2,1,3,2,64785,7836,8523,48441,7,36,2014,7293,9135,1842
33,33,1,2,1000,1118.72,6000000,440641,0,0,5,7,4,46228,-60236,2,2,0,4,3,6,16,1,2,2,1,2,79527,7798,7733,66748,2,22,1998,2753,9126,6373
32,106,1,0,2000,1009.56,5000000,487022,1,0,5,19,3,20059,-83857,0,3,2,4,0,5,21,3,1,1,2,2,98041,14867,20851,56930,6,8,2001,1789,9134,7345
33,177,2,2,1000,1165.45,8000000,464179,0,6,10,7,2,0,0,3,0,3,4,0,0,5,1,2,2,0,1,7515,844,805,5460,13,28,1995,6610,9200,2590
27,82,1,0,500,1480.65,0,470595,1,0,12,11,1,0,-53973,2,2,1,0,2,1,19,1,0,2,2,2,38640,7640,4035,27468,2,22,2010,1956,9169,7213
27,78,0,0,1000,1145.66,0,479759,1,3,1,12,2,0,0,0,3,1,4,1,2,15,2,2,0,1,1,71138,6155,12489,52977,12,18,2008,1434,9180,7746
45,287,1,0,1000,1070.78,0,646932,1,5,8,14,0,0,0,0,2,0,1,4,2,4,3,2,2,1,2,46281,10306,5233,31847,8,7,2009,4661,9170,4509
33,161,0,0,1000,1478.51,0,453598,0,0,12,11,2,36535,-60307,1,0,1,4,2,3,3,1,0,1,1,0,2901,314,333,2270,12,18,2008,6291,9203,2912
28,79,1,1,1000,1209.51,6000000,449069,1,5,7,3,2,0,0,3,0,1,4,0,4,3,1,1,2,2,0,7342,750,1431,5082,9,26,2002,7694,9195,1501
34,49,1,2,500,1122.98,0,623702,0,6,3,0,2,65512,-23376,2,1,1,4,1,6,23,1,1,1,3,2,61913,11840,5525,46263,3,25,2012,5144,9143,3999
40,188,0,1,1000,1440.95,0,484642,1,6,6,12,1,47409,-40629,1,0,1,4,3,3,5,1,0,0,1,1,2671,495,503,1696,5,14,2009,9031,9205,174
41,296,2,2,500,971.16,0,450956,1,5,6,11,3,31330,0,2,2,1,0,2,2,10,1,0,0,1,0,48480,4622,9897,34675,10,3,2013,8796,9138,342
34,134,1,1,2000,1704.4,0,472659,0,3,10,0,2,0,-70992,2,3,2,1,4,3,7,1,2,1,2,0,75072,15514,7483,54466,1,4,2009,3025,9163,6138
61,454,0,2,1000,1325.16,0,438126,1,6,10,2,3,37908,0,0,3,2,4,2,2,10,3,2,2,2,0,69224,14048,6772,49123,12,11,2014,7573,9135,1562
41,230,0,1,1000,1524.45,4000000,613532,1,2,5,5,5,0,-44934,0,2,2,0,4,2,21,4,0,0,0,0,42614,4321,4368,33750,10,1,1995,2300,9173,6873
57,446,1,0,1000,1000.52,5000000,633985,1,1,10,13,5,51963,-51891,0,2,0,4,1,0,19,3,1,0,3,2,66085,11829,12003,43616,7,36,2007,6267,9159,2892
30,34,0,0,500,1392.96,5000000,492382,0,6,7,0,0,68823,-51809,2,2,1,0,0,4,2,1,1,0,1,2,53995,6192,13033,35847,12,9,2012,6643,9154,2511
36,208,1,0,500,1464.77,0,485727,0,1,3,19,1,0,-19987,0,3,2,1,2,5,11,3,0,2,1,2,24570,2721,2825,19969,10,3,2006,8883,9211,328
57,440,1,1,500,1116.85,0,472623,1,5,8,7,5,0,0,2,1,1,4,0,6,14,1,0,2,0,1,59994,6600,6732,47863,4,27,1995,542,9144,8602
27,94,1,0,1000,1554.43,0,421142,0,2,8,8,5,0,0,1,0,3,4,2,0,4,1,2,1,2,0,5897,643,665,4802,9,29,2007,6986,9152,2166
41,236,0,1,1000,957.99,0,444906,0,1,12,7,2,0,0,0,3,1,3,1,4,17,3,2,2,3,1,44200,8177,4092,31118,9,29,2000,3796,9155,5359
31,82,2,2,1000,1033.25,0,438675,0,5,11,5,0,0,-49542,0,2,0,1,0,6,16,3,0,0,3,1,59050,5595,11368,42635,9,35,2006,7106,9156,2050
48,338,2,2,1000,1252.21,0,430829,1,4,7,11,3,0,-52066,1,0,1,2,4,5,13,1,0,0,1,2,4347,832,903,2559,5,14,2004,1540,9225,7685
56,427,2,0,2000,1577.0,0,454313,1,5,13,11,4,0,-25449,0,3,1,1,0,5,16,3,0,1,0,2,78856,12428,6258,56156,9,35,2009,5156,9177,4021
50,374,0,1,500,1106.69,0,645900,1,3,2,4,1,35953,0,2,1,1,4,2,3,16,1,2,2,3,1,69526,12277,6023,47171,6,10,2006,6506,9146,2640
44,225,2,0,2000,1339.68,0,467304,0,5,0,15,1,0,0,2,2,1,4,0,3,12,1,2,1,2,0,64874,9949,10516,46164,3,25,2015,7431,9167,1736
55,421,0,2,500,1134.96,0,586588,0,4,6,5,0,0,0,2,3,1,4,1,2,14,1,2,0,0,0,41310,3866,4232,34188,13,28,2000,667,9151,8484
31,104,1,0,2000,667.36,0,456111,0,3,1,8,1,0,0,0,3,0,4,2,3,6,3,2,0,1,1,67245,5715,11805,47782,9,29,2011,19,9175,9156
29,140,2,2,500,1397.21,0,586368,1,6,1,1,5,69056,-62999,2,3,1,3,2,5,22,1,1,2,3,0,67050,11623,10939,46091,13,20,1996,2957,9131,6174
49,264,0,2,1000,1214.0,0,475698,0,0,9,18,3,56679,0,0,3,1,4,3,4,0,3,0,1,3,2,38765,7975,4051,26522,7,36,2014,7958,9131,1173
26,98,2,0,1000,1594.21,0,468938,0,1,5,2,0,0,-71434,0,1,1,4,0,6,11,3,1,1,1,0,76845,7808,16301,52649,7,36,2008,6584,9213,2629
41,279,1,1,1000,829.53,0,440011,1,2,11,6,4,59090,0,0,2,2,0,1,1,17,3,2,1,1,0,62296,4722,9417,47920,8,24,2014,1622,9169,7547
32,120,2,0,1000,1327.74,0,461417,0,5,4,11,5,28919,0,2,3,2,0,0,1,23,1,1,0,1,0,58334,5516,5718,45052,12,9,2003,6095,9212,3117
35,160,2,0,500,813.52,0,623227,1,6,6,0,2,35424,0,0,2,0,4,0,6,15,3,1,2,1,2,71494,15578,0,52094,9,26,2014,31,9160,9129
31,116,2,2,500,940.04,0,456480,1,3,5,9,1,0,-34577,0,1,0,3,2,5,8,3,0,0,3,2,60923,6742,6444,46085,13,28,2004,4349,9180,4831
38,16,1,1,1000,837.58,0,423871,0,3,0,10,4,31265,-82011,1,0,3,4,1,0,9,1,2,2,1,2,3298,425,426,2502,11,21,2002,6177,9164,2987
30,147,2,0,1000,1749.38,0,427378,1,1,11,19,3,40340,0,3,0,3,4,2,6,7,1,1,1,3,1,4369,509,497,3545,13,20,2013,1554,9149,7595
43,47,1,0,2000,1333.5,0,620895,1,1,11,0,2,33966,-55766,0,2,0,4,4,0,23,3,1,0,2,2,86688,17756,17547,54999,7,36,2013,2577,9134,6557
38,204,0,2,1000,1005.12,0,491622,1,0,1,13,4,0,0,3,0,1,2,4,5,4,1,1,1,2,2,7534,755,789,5952,4,30,1997,2762,9140,6378
31,129,0,0,1000,1041.06,0,430377,0,6,4,0,5,0,0,2,3,2,3,0,1,17,1,2,1,0,2,82554,7249,14979,59498,1,4,2014,4167,9166,4999
58,439,0,1,2000,1473.81,0,452570,1,0,12,12,3,24825,0,1,0,1,2,1,5,8,1,1,0,1,1,5303,971,975,3371,13,28,2008,3415,9167,5752
34,118,1,1,500,1234.22,0,441033,0,1,12,10,5,57956,0,2,1,0,1,6,6,7,1,1,2,1,1,47088,8412,8321,27791,6,10,1998,8010,9151,1141
30,95,0,0,500,1458.03,6000000,456095,1,1,9,10,5,39289,-50355,2,3,2,1,4,0,22,1,2,0,0,1,53279,0,6740,47321,5,13,2004,4308,9176,4868
33,204,2,0,500,805.66,3000000,618061,1,3,3,5,1,30411,-30350,3,0,1,2,3,4,5,1,1,2,1,2,5622,1028,518,4031,11,15,2003,4594,9137,4543
60,441,2,0,1000,1201.0,7000000,457326,1,4,2,2,3,0,-53584,2,3,0,0,0,6,23,1,1,1,2,1,91041,12538,18885,56132,13,20,2004,5828,9196,3368
27,116,0,1,500,1404.49,5000000,420135,1,4,11,19,2,0,0,0,3,0,4,1,3,2,3,0,1,2,0,82467,7350,14847,59446,5,14,2011,4650,9221,4571
33,215,1,2,1000,1154.66,0,618266,1,5,0,19,0,38280,-42228,3,0,3,2,2,1,6,1,2,2,1,0,2613,224,461,2079,7,36,2001,5289,9137,3848
36,160,1,1,2000,1270.16,7000000,611119,0,5,3,7,3,71651,0,3,0,3,2,1,4,9,1,2,2,0,2,2665,278,289,2246,13,28,2015,5122,9169,4047
25,10,2,0,2000,737.31,0,455934,1,4,11,0,1,0,-22288,0,1,0,0,1,4,3,3,2,0,3,2,30628,2975,5899,22777,6,6,2001,6769,9200,2431
37,151,1,1,1000,2004.59,0,460793,0,4,4,7,2,0,-67867,2,2,1,3,1,1,2,1,2,0,3,0,76666,14922,7331,58129,0,23,2000,7356,9146,1790
48,309,2,0,1000,685.02,0,429475,1,5,6,11,0,0,0,0,2,1,1,0,4,3,3,0,1,0,0,54450,9980,4925,40039,12,11,2006,5475,9174,3699
25,59,2,0,2000,950.51,0,470711,0,5,7,7,1,0,0,0,2,1,0,2,3,1,3,1,1,0,0,33128,4035,4092,23221,4,30,2000,2957,9180,6223
31,187,0,2,2000,1484.89,0,471611,1,2,1,12,4,43110,-30551,3,0,1,2,2,0,3,1,1,1,1,0,2261,258,251,1723,12,11,2005,6638,9178,2540
50,292,1,0,500,1181.57,0,432701,1,1,9,11,0,35431,-24931,3,0,1,2,2,1,4,1,1,1,3,1,4186,502,461,3259,8,12,2002,911,9140,8229
27,124,0,2,500,1348.58,0,425382,1,5,5,9,0,0,0,0,3,0,4,3,6,14,3,2,0,3,1,75528,7005,7372,55929,1,4,2005,1364,9169,7805
30,69,0,2,500,1009.83,0,473194,0,0,2,8,3,0,-88391,2,2,0,0,2,0,9,1,2,1,0,0,63684,6567,6487,51053,4,27,2013,1702,9131,7429
51,307,1,1,2000,1263.07,0,434012,0,6,1,11,3,0,-46276,2,2,0,0,2,2,18,1,2,0,2,1,40719,7918,7887,26073,3,25,2007,4282,9160,4878
48,301,0,1,1000,1154.47,0,438907,0,1,6,11,5,0,0,1,0,3,2,2,1,6,1,2,1,2,1,5491,915,918,3459,10,3,1999,7134,9205,2071
43,252,0,0,2000,1124.87,0,448902,0,6,1,17,5,65194,-47084,0,2,2,1,2,3,17,3,0,1,2,1,59710,5638,11789,44746,9,29,2006,2218,9153,6935
41,216,1,1,500,1081.86,0,630065,1,0,1,10,1,0,0,0,2,1,4,0,0,23,3,1,0,0,2,51636,12357,7713,31999,7,36,2006,3465,9175,5710
28,65,2,0,500,1522.6,4000000,630890,0,1,13,16,5,0,-66830,0,3,2,1,2,2,6,3,2,2,3,0,77805,16311,8203,53737,6,10,1999,7184,9153,1969
42,289,2,0,2000,1106.13,0,458179,0,0,0,14,1,0,-51609,1,0,1,2,2,4,9,1,2,0,3,0,5651,1241,674,4017,2,22,2006,2759,9164,6405
55,453,2,2,2000,1144.35,0,643009,1,0,2,7,3,63522,-32656,2,1,2,0,1,4,23,1,1,0,0,0,54628,10892,10680,33078,4,30,2004,7507,9184,1677
42,257,1,1,500,1542.52,0,472600,1,2,5,12,0,0,0,2,1,2,4,2,5,4,1,2,1,2,1,31258,3316,3184,25767,2,0,2012,3622,9131,5509
25,111,2,1,500,1391.04,4000000,619486,0,5,12,8,0,50026,0,2,3,2,4,3,6,12,1,1,2,3,0,94881,15944,17333,55227,0,31,2009,6927,9169,2242
36,195,2,1,500,1413.45,5000000,433131,0,2,12,9,0,0,0,1,0,3,2,0,5,4,1,0,0,1,0,4008,631,325,2810,10,1,1998,6877,9151,2274
37,179,1,0,500,1052.56,0,457342,0,3,3,17,3,0,0,0,1,1,4,0,6,3,3,0,2,0,2,64162,11313,12053,39348,7,36,2010,7017,9149,2132
43,281,2,0,500,1447.47,0,435277,1,0,8,9,1,63100,-77653,2,3,2,1,3,2,13,1,0,0,3,2,50381,5317,10908,38254,12,11,2005,442,9159,8717
26,59,0,0,2000,1151.44,6000000,499235,0,3,4,16,5,0,-55790,0,2,0,1,3,2,16,2,1,1,0,0,54250,11445,6129,36741,5,14,2015,7895,9205,1310
38,176,1,0,1000,917.46,0,448409,1,3,1,12,2,72718,-50343,0,3,2,4,1,4,4,3,2,2,1,1,55005,17508,5720,35261,1,5,2005,4346,9187,4841
34,149,1,1,500,948.76,0,437579,1,2,12,13,2,47424,-63487,0,3,2,3,2,6,0,3,2,1,0,0,80880,13588,14776,47856,9,29,2000,1528,9200,7672
56,397,1,1,500,872.04,0,428728,1,6,6,9,4,54644,0,0,2,1,1,4,3,2,4,1,0,2,0,40340,5066,4723,29530,3,34,1997,3474,9208,5734
53,328,2,0,1000,1054.15,0,610133,0,1,9,7,1,0,0,2,1,0,0,1,6,12,1,2,0,0,0,79826,14852,7396,59174,0,23,2000,5782,9148,3366
32,150,1,2,1000,892.86,4000000,417781,0,0,8,19,0,787,0,0,1,1,3,1,1,9,3,0,2,1,2,67510,11821,11753,46375,5,14,2007,5892,9175,3283
34,206,1,0,2000,971.62,7000000,450343,0,0,6,11,3,0,0,0,1,1,0,0,6,17,3,0,0,3,2,45950,4078,8765,33692,10,2,2006,3816,9190,5374
38,204,1,0,1000,1371.35,8000000,608622,1,4,12,0,4,0,0,2,3,0,0,1,0,12,1,0,0,2,0,42255,4503,4221,34688,7,36,2002,564,9166,8602
39,271,0,0,2000,1385.23,0,599409,0,0,5,14,4,0,-44961,2,3,0,0,2,5,21,1,1,2,1,0,88648,17214,17059,50921,11,15,2005,2391,9153,6762
39,181,0,1,500,1241.04,0,442033,1,3,2,12,4,63385,-49000,2,3,2,3,0,5,14,1,1,0,0,0,47219,9128,4397,32959,9,26,2013,6469,9139,2670
45,277,1,1,2000,1230.83,0,579972,1,3,1,5,4,0,0,2,2,1,0,4,0,18,1,1,0,1,1,56937,6219,6364,42748,2,0,1995,5273,9181,3908
30,110,1,2,2000,1304.9,0,452086,0,3,4,18,5,56696,0,0,2,2,4,2,6,20,3,2,0,3,1,45128,5125,5242,34815,0,23,2011,2944,9199,6255
43,245,1,2,1000,1289.01,0,465630,0,4,13,3,5,0,-39539,2,2,1,4,2,3,14,1,0,2,1,2,72480,7338,14420,54435,9,35,1998,837,9152,8315
37,187,0,1,2000,1256.89,0,480498,0,1,6,2,1,39606,-54723,2,2,2,4,1,6,12,1,0,0,2,1,45738,4179,8794,32155,4,27,2003,3295,9129,5834
40,245,2,1,1000,1468.47,0,640723,0,3,2,19,2,0,-37515,2,2,1,0,2,4,16,1,1,0,3,2,45451,4859,4994,34402,6,8,2004,6336,9165,2829
34,163,1,1,500,871.21,6000000,465956,1,1,2,4,3,0,-51397,2,1,2,3,1,6,8,1,0,1,3,1,69978,6893,7248,57711,2,0,2008,8404,9214,810
42,226,1,0,500,957.18,0,433051,1,3,9,9,5,36421,-72754,0,3,2,4,0,6,14,3,0,2,0,0,84082,15456,7728,61704,10,2,2013,8776,9166,390
29,87,1,0,2000,1454.14,0,628000,1,2,9,19,0,70712,-64967,2,1,1,4,0,4,0,1,0,2,2,1,62290,9767,13968,39688,0,23,2005,9041,9170,129
40,177,0,1,500,1417.34,4000000,472700,1,1,1,17,4,0,-55298,0,3,1,1,1,1,14,3,0,2,1,0,45608,4737,4678,32890,3,32,2008,7616,9198,1582
42,283,1,2,2000,1007.48,0,470833,1,5,13,18,5,0,-46844,3,0,3,2,1,4,9,1,2,2,3,2,5170,488,949,3617,11,15,2001,5231,9185,3954
38,43,2,1,1000,1153.22,0,453728,1,1,9,7,5,0,0,2,3,0,1,1,0,1,1,1,0,1,1,50842,10116,5099,38257,9,29,2005,8005,9115,1110
56,445,1,0,2000,1395.42,0,453491,0,6,12,10,3,37596,-48137,0,1,0,4,1,0,10,3,0,2,1,2,48142,5904,5677,34781,11,19,2013,5566,9157,3591
37,209,0,0,2000,1159.82,5000000,487613,1,3,6,0,5,0,0,0,3,2,3,0,1,15,3,1,0,1,2,61553,11579,10871,41728,9,35,1999,2127,9188,7061
29,7,2,1,500,1268.49,4000000,627181,0,4,13,11,5,0,-87505,0,1,0,1,5,2,2,3,2,0,2,1,49013,11632,7318,29777,13,20,2014,4826,9183,4357
27,65,1,2,500,1519.54,6000000,624874,1,6,2,14,3,0,-37230,3,0,1,4,4,4,5,1,0,0,2,1,5031,847,847,3464,0,33,2004,2133,9192,7059
40,226,1,0,500,1088.44,4000000,428022,1,4,12,8,5,0,-30368,3,0,3,2,0,2,1,1,2,2,1,0,4801,454,925,3452,3,32,2010,7693,9171,1478
46,284,1,2,1000,1342.6,0,455533,1,5,2,7,4,0,0,3,0,3,4,2,3,4,1,0,0,2,2,7679,640,1362,5097,11,19,1997,426,9175,8749
32,110,2,2,2000,1134.55,0,628856,1,5,10,19,1,0,0,2,2,2,1,0,1,14,1,0,0,2,0,60196,6198,6478,45348,4,27,2006,5801,9214,3413
54,419,0,0,1000,1310.51,0,448770,0,5,2,13,3,18057,0,0,2,2,1,2,1,13,3,0,2,3,2,60520,10244,10750,41232,11,15,1997,1768,9151,7383
48,298,2,0,1000,1460.24,0,454383,0,6,2,4,3,0,0,2,3,1,3,4,3,2,1,1,1,1,1,74837,12766,6903,54160,10,3,2013,4268,9184,4916
40,228,0,0,2000,1247.78,0,592151,0,3,11,11,1,0,-55044,2,3,1,3,1,3,21,1,0,1,0,1,68443,7372,15628,44790,4,27,2009,45,9118,9073
34,161,0,0,1000,1059.06,0,428256,0,3,8,6,0,51878,-42626,0,3,2,3,2,2,18,4,2,2,3,1,74583,13547,13371,48692,12,18,2005,3588,9178,5590
28,64,1,1,1000,1801.16,0,463418,1,2,7,1,3,0,0,3,0,3,2,3,2,14,1,2,0,0,2,7063,756,1425,4969,1,5,1999,223,9161,8938
41,272,1,0,2000,1076.75,0,474189,1,3,8,15,4,35380,-30106,2,1,1,3,1,6,14,1,1,0,2,2,54764,10817,10727,34652,12,18,2014,6527,9164,2637
36,151,2,2,500,988.53,0,423315,1,2,13,1,4,54235,-56767,0,3,2,0,4,0,5,3,2,0,3,0,43392,4284,4441,32606,13,20,1999,5782,9180,3398
30,101,0,1,500,518.79,0,445927,0,6,13,15,3,47215,-57671,2,2,2,3,4,0,23,1,0,2,2,0,49330,5691,5486,38249,8,12,2005,4841,9176,4335
35,150,0,1,1000,883.51,0,464132,0,0,10,10,1,84185,0,2,1,1,0,0,4,0,1,2,0,3,2,50536,8205,7850,30918,9,26,1997,1320,9155,7835
40,224,2,0,500,1448.07,0,490574,1,0,3,0,0,43000,0,1,0,3,4,2,3,20,1,2,0,2,0,6340,1124,1098,3973,12,9,2010,2612,9135,6523
47,285,1,0,500,1526.66,0,486731,1,1,9,8,3,0,0,2,3,2,3,1,3,8,1,0,0,3,1,65122,11457,11445,39850,8,24,2013,7447,9161,1714
20,8,2,2,500,986.13,0,486056,1,2,5,10,0,0,0,2,1,0,3,2,1,21,1,2,0,0,2,91990,14461,14615,65833,12,11,2012,8296,9172,876
43,229,2,2,2000,1080.89,0,462365,1,2,3,6,2,30113,0,0,1,1,4,0,0,0,3,2,0,3,1,54131,5273,10110,36148,2,22,2011,6282,9114,2832
43,226,1,1,2000,985.11,0,458334,1,1,10,15,5,0,-58100,0,1,1,4,5,2,15,3,1,2,2,1,79567,7378,15204,56128,1,4,2010,6036,9156,3120
36,163,2,1,500,1209.6,6000000,448431,0,3,8,7,3,0,-68444,2,2,2,1,0,6,20,1,1,2,3,1,48115,4702,9761,35859,7,36,2005,5205,9129,3924
44,276,0,2,2000,1182.54,0,586852,1,0,12,15,3,52387,0,0,3,1,1,2,3,22,3,2,0,1,0,65471,6759,6699,53913,11,19,2012,1448,9197,7749
35,192,2,2,2000,1405.95,0,448007,1,1,7,17,3,0,0,3,0,3,4,2,0,8,1,2,2,3,1,4875,885,459,3427,5,14,2011,3703,9169,5466
53,386,2,1,500,803.19,0,481119,1,0,11,15,1,24505,-37727,1,0,3,4,2,1,8,1,0,0,1,0,8659,1744,836,6313,11,21,2002,9114,9151,37
45,256,0,0,2000,715.92,0,599933,0,2,4,9,3,47357,0,1,0,3,2,1,0,9,1,0,0,3,2,5275,613,570,4305,3,25,1998,6340,9211,2871
56,431,0,1,2000,1336.65,5000000,480937,1,6,12,17,2,45077,-28124,2,2,0,4,2,5,10,1,2,0,2,2,59360,11800,5948,41175,2,37,1997,4492,9166,4674
33,165,2,1,2000,1250.42,0,576726,0,1,3,19,2,88126,0,2,2,0,4,0,6,14,1,0,1,2,2,67885,13604,6698,48052,13,28,1996,2585,9154,6569
51,421,2,1,1000,979.34,0,459729,1,6,6,14,1,51760,0,0,2,2,4,2,0,15,2,1,1,3,1,52878,7828,8009,34768,12,18,2003,9204,9166,-38
28,114,0,1,500,1267.29,0,453562,0,0,13,19,4,48497,-31362,0,2,2,1,1,6,13,2,1,0,1,2,54885,5292,9908,39392,11,15,2009,4857,9145,4288
28,129,0,2,1000,1904.73,0,435420,1,2,7,9,0,0,-75696,2,2,2,1,3,5,2,1,0,0,0,2,61491,5568,5278,49103,3,25,2003,7643,9195,1552
29,87,0,1,2000,988.36,0,588309,0,6,7,10,1,43741,0,2,2,2,3,1,2,2,1,1,1,0,1,74804,14124,6745,57049,0,31,2007,173,9161,8988
29,122,2,1,500,945.2,0,437798,0,0,8,12,0,40273,-62049,2,1,1,3,0,2,20,1,2,1,1,1,91367,8309,8701,68425,10,1,2000,4569,9164,4595
46,252,1,1,500,1128.06,0,638946,1,3,7,13,0,58305,0,0,2,2,4,4,1,19,3,1,0,0,2,79042,12801,13213,51473,2,0,2004,4996,9196,4200
26,105,1,0,500,1348.05,0,458066,1,4,12,17,0,63250,0,0,1,1,4,0,0,14,2,0,2,2,2,39463,4218,4230,31440,13,28,2010,8891,9146,255
25,80,1,0,2000,1067.65,5000000,601112,0,6,1,8,0,66887,-56356,3,0,1,2,6,4,5,1,0,2,0,1,6888,1320,607,5256,12,18,2001,8114,9181,1067
21,37,2,2,500,1207.23,0,432926,1,3,4,14,1,0,0,2,2,0,4,1,3,14,1,1,0,1,1,89230,14923,8221,59946,11,21,2009,1158,9206,8048
34,128,0,1,500,1445.74,3000000,452095,0,5,1,3,2,35942,0,0,3,1,4,4,0,4,3,2,2,3,1,66892,7447,7785,54232,11,19,1996,4806,9140,4334
29,4,1,1,500,1312.78,5000000,440516,1,2,12,8,2,0,-80912,3,0,3,4,1,2,4,1,0,0,2,2,4376,841,418,2904,7,36,2008,4563,9160,4597
45,269,1,2,2000,1359.29,0,466715,0,6,13,15,0,54891,-73967,0,1,0,0,0,5,3,3,2,1,3,0,75330,7307,14571,56705,9,26,2004,3871,9131,5260
44,228,0,0,1000,1496.29,0,623443,1,3,8,4,3,0,-21568,0,2,0,4,1,1,16,3,0,2,0,1,63434,6324,6452,49871,2,37,2011,5365,9142,3777
40,245,1,2,1000,1334.22,0,632655,1,6,5,4,4,37806,0,2,2,1,0,6,3,12,1,1,0,2,1,79704,7664,7440,69515,11,15,1999,7274,9198,1924
33,141,2,0,2000,1408.96,5000000,457987,0,3,3,6,5,0,0,2,3,2,3,4,1,11,1,1,1,3,2,85102,7044,13532,60836,11,21,2009,1891,9141,7250
38,45,2,1,2000,1259.35,0,436125,1,2,7,12,1,75324,0,1,0,1,2,0,2,18,1,0,1,0,0,6954,661,666,5193,7,36,2011,6675,9117,2442
56,445,2,2,2000,994.99,0,444500,1,5,13,3,3,80309,0,2,1,2,1,0,1,2,1,1,2,3,0,52915,5341,11685,40159,9,26,2014,4785,9153,4368
46,288,1,0,1000,1071.1,0,428762,0,4,3,8,4,53251,0,0,1,2,1,2,3,13,3,0,1,1,0,51875,11209,5769,32535,7,36,2015,842,9175,8333
26,102,1,2,2000,896.71,0,639502,1,4,11,6,3,42264,0,0,2,2,1,1,1,2,3,0,2,3,0,75818,14114,7271,59488,1,4,1996,2651,9137,6486
30,85,2,0,1000,1498.27,0,591650,0,1,13,15,0,40660,-51097,2,3,2,1,1,4,3,1,0,2,0,1,58631,14448,0,42965,3,25,2003,941,9216,8275
31,140,1,0,500,1388.05,0,429560,0,1,0,3,5,98289,0,0,3,1,3,1,1,4,4,2,0,0,2,62336,5459,11333,45948,9,29,2006,8922,9169,247
31,171,2,2,500,1421.64,0,632379,0,2,12,8,3,69795,0,1,0,1,4,5,4,9,1,2,2,0,2,3967,329,658,2931,2,22,1998,8203,9156,953
63,456,0,1,1000,1420.89,0,627553,0,4,10,5,3,85656,-49995,0,3,0,3,5,2,13,3,2,1,3,0,63288,5412,11423,52253,10,1,2012,7133,9183,2050
54,462,0,0,2000,1507.8,0,586848,0,3,2,16,0,63375,0,2,1,0,3,0,5,10,1,2,2,3,0,60340,5730,12219,40646,9,26,2014,2904,9210,6306
30,18,0,2,1000,1226.79,0,453165,1,2,7,10,0,42857,-93357,3,0,1,4,3,2,8,1,1,1,1,1,7110,1222,654,5335,9,26,2015,5868,9169,3301
38,225,1,2,500,1345.78,0,628733,1,1,2,3,0,0,0,2,3,1,0,0,5,11,1,0,1,2,0,66114,6809,14302,50104,11,15,2003,2093,9188,7095
32,135,1,2,500,1596.3,0,464983,0,4,7,19,3,37091,0,2,3,2,1,3,6,2,1,2,2,1,1,62890,11890,11971,41902,2,0,2015,369,9133,8764
27,79,2,2,2000,980.75,0,450005,0,2,0,0,3,54482,-31160,0,1,1,0,0,6,1,3,1,0,0,2,66057,6787,6720,52308,13,28,1995,3420,9181,5761
27,117,0,1,2000,1075.6,0,440365,1,2,6,10,0,91464,0,2,2,2,0,5,5,1,1,2,0,1,1,52260,6793,6545,39315,13,20,2007,8366,9181,815
31,135,2,1,2000,1559.99,0,443499,1,3,0,14,0,57856,-44740,0,2,0,3,1,2,13,3,1,0,3,1,60928,6296,13356,46612,4,30,2010,4569,9144,4575
29,67,2,0,1000,1410.1,0,592064,0,4,1,18,2,61651,-51777,2,1,1,0,4,5,12,1,0,0,3,2,65961,11294,12010,47904,4,30,2009,6171,9122,2951
42,267,2,2,500,1009.6,0,490214,0,3,13,2,4,76178,0,0,3,0,1,1,1,14,2,2,2,2,2,75596,7357,15059,49989,9,26,2007,6332,9179,2847
37,236,0,1,1000,1264.34,0,452752,0,3,0,13,3,0,-55888,0,3,1,4,1,4,20,3,0,0,2,1,35681,4502,4680,29321,7,36,2010,5611,9186,3575
42,199,1,2,500,1168.94,0,450957,1,2,3,14,2,0,-40385,0,2,2,3,2,1,12,3,2,2,0,0,78232,15329,15270,51280,2,37,2001,8368,9146,778
34,50,1,0,500,1103.11,0,442708,0,3,3,9,4,0,-49929,2,2,0,0,2,0,1,1,1,0,2,0,49513,9515,4757,32457,10,1,2005,6735,9158,2423
37,158,2,1,500,1510.94,0,456865,0,4,2,11,1,0,0,2,2,2,0,5,5,10,1,1,1,1,0,59990,11045,10631,35912,5,14,2001,1785,9187,7402
37,144,2,1,500,1332.22,0,473922,0,3,1,11,1,44193,0,0,2,1,3,0,5,10,3,2,2,0,1,81010,7775,7806,61119,3,34,2000,514,9177,8663
28,91,0,1,1000,766.25,0,450928,1,0,1,2,2,0,-69948,3,0,3,2,5,6,3,1,1,1,2,0,3040,656,304,2190,8,12,2014,338,9140,8802
31,169,2,0,1000,1108.25,0,445956,1,4,10,4,3,0,-42386,0,3,0,3,3,2,13,2,2,1,1,2,58585,14531,9398,32491,10,2,2007,3782,9168,5386
36,141,1,0,500,1458.86,0,422675,1,2,6,6,5,0,0,0,3,0,4,2,6,3,3,2,0,0,2,88075,16859,8561,60237,4,27,1995,1361,9144,7783
25,4,1,1,2000,1140.43,0,462776,0,6,4,16,1,33043,0,2,2,2,0,2,6,22,1,1,1,3,2,84938,16084,15523,55901,1,5,2003,8951,9141,190
38,44,2,0,1000,1139.02,0,473877,1,5,6,12,1,28043,0,0,1,2,0,2,6,17,3,2,2,0,2,81839,12687,13274,52733,11,21,2013,6008,9182,3174
29,118,0,1,2000,1127.75,0,577164,1,6,3,9,1,35666,-43103,0,2,1,3,0,6,15,3,2,0,2,1,51148,5389,5366,39627,9,35,2004,6598,9148,2550
24,23,0,1,2000,1090.1,0,610769,0,1,9,12,2,52837,0,0,1,2,3,4,0,0,4,1,1,0,0,76667,8955,17328,53425,0,23,1995,6641,9134,2493
52,398,2,2,500,1385.86,0,445404,0,2,4,5,4,44923,-72136,2,2,2,4,1,3,13,1,1,1,1,2,54974,6205,6315,43013,3,32,1999,4781,9137,4356
50,285,1,2,500,936.25,0,473474,0,6,6,8,0,46271,0,0,3,0,1,0,1,19,3,2,0,0,2,48734,8613,8349,30386,13,28,1998,6707,9154,2447
30,114,0,2,1000,1222.81,0,455666,1,0,7,0,2,59187,-52894,1,0,3,2,0,0,4,1,2,0,2,2,4908,479,896,3694,6,8,2012,3643,9154,5511
34,41,0,1,500,1277.58,0,480125,1,2,13,17,0,0,0,3,0,1,2,4,0,8,1,1,0,0,2,9014,1327,1316,6185,4,27,2011,7603,9218,1615
33,185,2,0,1000,1401.98,0,466213,1,0,11,4,1,57622,-36005,3,0,1,2,2,5,0,1,1,0,3,0,9181,1351,1380,6526,3,25,2003,1626,9150,7524
29,131,0,1,1000,1350.84,0,620674,1,5,11,8,1,41411,-46944,2,1,2,4,2,2,17,1,0,1,1,0,62847,12884,6712,42588,11,15,2011,2409,9123,6714
43,228,0,1,1000,1343.99,7000000,462550,0,3,4,13,2,53610,-6589,1,0,3,4,4,0,22,1,2,0,2,1,11092,1623,855,8308,8,12,2013,8727,9204,477
53,391,1,0,500,1227.38,0,435213,0,0,6,11,1,41193,0,2,1,2,0,2,5,14,1,2,0,1,0,74744,6551,6114,64186,7,17,2010,4391,9163,4772
31,126,0,0,1000,1113.33,0,500110,1,4,6,12,3,44858,-65802,2,1,0,0,2,4,8,1,0,0,3,0,69078,11998,6267,49590,1,5,1997,1514,9177,7663
44,259,0,0,1000,1261.22,0,594923,1,6,2,3,2,0,0,0,3,1,0,4,6,5,3,2,1,2,1,80583,7229,15255,61554,1,4,2006,2037,9203,7166
24,101,2,2,2000,1087.51,0,472018,1,3,3,11,2,0,-30282,0,1,2,4,2,3,13,2,2,0,1,1,63074,14612,6928,43183,7,36,2001,4079,9156,5077
46,266,0,1,500,1233.18,0,436966,0,0,12,16,3,0,-47677,1,0,1,4,4,4,5,1,0,1,2,2,2151,487,248,1483,12,11,2004,109,9162,9053
46,277,0,0,2000,1123.02,0,423323,1,1,5,5,0,0,-66880,2,1,1,0,1,1,17,1,0,1,2,2,51852,5926,5487,39170,13,20,2007,8241,9118,877
24,76,2,0,500,1215.47,0,485712,1,5,2,19,0,0,0,3,0,1,4,0,1,20,1,2,0,1,1,7337,692,686,5930,4,27,2003,846,9131,8285
54,441,2,1,2000,1201.43,0,450755,0,0,1,3,3,71088,0,0,1,1,4,4,0,22,3,1,0,0,0,76066,15103,7810,54565,1,4,2015,4489,9168,4679
41,258,0,0,500,1405.65,0,480973,1,6,9,6,4,57045,0,2,2,1,3,5,4,4,1,0,1,0,2,58397,11298,5737,41987,2,22,2004,4666,9201,4535
29,85,2,2,2000,1871.23,0,431858,1,0,8,14,2,0,-16011,3,0,3,4,3,6,9,1,1,1,3,2,4786,400,841,3420,1,5,1998,2055,9167,7112
32,117,2,0,1000,1124.93,0,491304,1,0,0,13,2,51248,0,0,3,0,1,3,3,15,3,0,1,2,2,61149,6140,6655,49485,3,32,2002,599,9183,8584
31,1,1,1,500,905.12,0,452537,0,2,13,19,1,0,0,0,2,1,4,0,3,1,3,2,1,0,2,30305,6504,3040,21280,12,18,2006,2088,9169,7081
33,172,2,2,2000,1048.7,0,424638,0,3,10,10,3,60365,-48559,0,2,1,0,3,1,12,4,2,2,3,1,57873,11990,5977,38935,7,17,2002,7053,9204,2151
33,202,1,2,1000,1288.38,0,479752,1,5,4,6,1,42744,-95147,2,1,2,0,2,0,11,1,0,0,2,2,61110,5581,6052,48515,2,37,2013,707,9123,8416
24,41,1,0,1000,1344.4,0,613457,0,3,9,8,3,45952,0,3,0,3,4,1,5,12,1,1,1,1,2,7138,528,1009,5199,7,17,1997,5957,9194,3237
47,384,0,0,2000,1164.41,0,435810,0,6,3,8,1,68810,-65263,2,3,1,3,2,6,4,1,0,2,2,1,102736,15988,16969,78080,10,1,2002,588,9139,8551
38,235,0,1,1000,1285.66,5000000,618179,0,5,5,3,2,0,0,0,1,0,4,2,4,12,3,0,1,3,2,61981,6824,6824,46233,10,2,2003,249,9181,8932
33,101,0,2,2000,1019.09,0,620273,0,5,7,13,5,70334,-47795,0,3,0,0,0,3,1,3,0,2,3,2,81779,13761,14912,50028,4,30,2014,1752,9171,7419
35,209,2,1,1000,869.84,3000000,458406,0,1,9,1,2,0,0,2,1,2,4,0,0,10,1,2,2,2,0,58016,5532,5835,44934,3,25,2009,4396,9160,4764
32,137,0,1,1000,859.41,0,469587,0,6,2,13,1,38089,0,2,3,1,1,4,4,23,1,1,0,1,1,30515,2980,6066,22371,12,11,2015,4501,9124,4623
39,185,1,0,2000,1598.71,0,464769,0,1,0,16,2,0,-71818,2,1,0,3,3,1,20,1,1,2,0,0,72815,7406,7635,61613,3,32,2001,8026,9187,1161
32,87,2,0,2000,1485.49,0,647033,0,4,12,11,1,50573,-43792,1,0,3,4,2,4,5,1,1,1,2,2,100,9,19,70,1,4,2002,9132,9178,46
33,95,0,1,2000,1693.06,0,451473,1,6,3,1,4,68107,-67174,2,3,1,0,2,3,16,1,2,1,1,2,77651,18175,9087,54371,2,0,2006,5761,9196,3435
26,106,1,2,1000,1391.08,0,455483,0,4,9,15,0,0,0,1,0,3,2,3,0,4,1,2,2,2,2,3116,602,602,2042,11,21,1995,561,9145,8584
50,306,1,0,2000,847.81,5000000,447517,1,5,11,4,1,0,0,0,3,0,1,1,6,1,4,1,1,2,0,70873,12552,6349,57142,4,27,2010,2628,9174,6546
45,281,1,0,1000,1179.88,0,445117,0,6,4,11,4,56109,0,3,0,3,2,2,5,3,1,0,0,1,0,5795,585,1190,4171,5,16,2002,221,9149,8928
26,76,1,1,2000,796.82,0,645015,1,3,3,12,2,48010,0,0,2,0,4,0,2,12,3,1,2,0,2,68803,12597,6116,51897,1,5,2009,6707,9153,2446
46,260,1,0,500,1295.72,0,468560,0,4,13,12,0,54539,0,0,1,0,0,0,1,11,3,1,0,0,0,63859,5670,11176,47147,7,36,2001,5949,9190,3241
35,200,0,1,2000,1360.41,4000000,427000,0,6,1,16,1,42157,-32312,0,1,2,4,2,3,22,3,1,1,0,2,51642,5749,6082,43076,6,8,2009,7666,9157,1491
37,25,0,1,1000,1585.59,7000000,597239,1,1,0,14,5,40940,0,3,0,3,2,3,3,0,1,0,1,1,1,4350,471,940,2960,12,11,1995,2197,9220,7023
36,29,2,2,500,1415.33,0,454937,0,1,6,9,5,0,-61087,0,3,2,4,2,4,17,3,0,2,2,2,55294,5546,5818,46551,10,3,2008,4172,9193,5021
49,364,1,1,1000,1154.42,0,448578,1,6,1,10,1,0,-64646,0,3,2,0,2,5,15,3,0,2,0,1,89122,14793,14522,62431,2,38,2000,2368,9165,6797
43,239,2,1,1000,939.51,0,422112,1,0,9,9,3,0,-34632,3,0,3,4,5,3,21,1,0,1,0,1,6849,1280,655,5236,13,20,2003,1053,9216,8163
61,437,2,1,1000,1235.47,4000000,627508,1,3,7,3,3,0,0,0,2,1,4,0,1,20,3,0,1,0,2,45650,0,5250,41836,11,19,2011,4541,9152,4611
43,290,1,1,500,1540.77,0,468113,0,3,9,3,0,39090,-30400,0,1,1,1,4,4,16,3,2,2,3,0,28108,0,3725,25527,5,16,2013,4167,9192,5025
61,473,0,1,500,794.1,0,595806,0,0,0,15,4,60493,0,0,3,1,1,2,2,17,3,0,1,1,0,34880,0,3634,30190,2,38,1998,227,9184,8957
31,124,1,2,2000,872.15,0,421898,1,1,11,9,4,55908,-57465,0,2,2,4,0,3,16,3,1,2,0,0,72602,6124,12891,53728,8,12,2002,3151,9115,5964
55,452,2,0,2000,1159.6,0,476973,1,3,11,12,1,0,-40119,0,2,2,3,0,1,19,3,2,1,1,1,41531,9201,4803,26940,8,12,2004,2897,9141,6244
40,229,1,0,1000,1186.29,0,446885,1,3,1,4,4,48856,-50331,0,2,1,3,0,6,17,2,1,2,0,2,84352,16071,8516,55452,2,0,2013,8420,9175,755
49,400,0,1,2000,1070.4,0,592346,1,0,1,15,2,0,0,3,0,1,2,3,4,9,1,1,1,1,1,6832,1214,1194,4913,5,14,2001,3565,9214,5649
38,249,1,1,500,1454.87,5000000,442829,1,1,1,3,5,0,-73432,2,1,1,3,0,5,23,1,2,2,2,2,52444,10147,5054,37908,13,20,2009,1921,9199,7278
28,108,0,1,500,1082.35,0,432318,0,0,9,9,3,0,0,0,2,0,1,1,5,12,3,0,2,2,0,59471,11724,6225,43112,1,5,1995,2173,9167,6994
34,56,2,0,500,1603.59,0,592883,1,3,4,8,3,0,-28771,2,2,0,4,4,6,13,1,1,1,2,1,58032,0,6175,51116,5,13,2001,7230,9152,1922
27,69,1,1,1000,1837.23,0,447668,1,2,0,14,0,60762,-67596,2,2,0,3,1,1,16,1,0,0,3,1,62077,6539,6616,52673,10,1,1998,2126,9149,7023
46,286,1,1,1000,1359.6,0,464524,1,3,13,13,1,0,-70416,2,1,1,1,2,2,16,1,0,2,2,2,62791,9964,10383,39367,2,22,1998,8997,9170,173
43,281,1,1,500,1428.55,0,432710,0,5,6,3,0,0,-52100,1,0,3,4,1,2,7,1,2,0,1,0,6106,643,628,4781,12,18,2015,5580,9212,3632
43,306,1,2,2000,1345.9,6000000,455757,1,0,6,10,0,0,-39530,3,0,3,4,0,3,7,1,2,1,2,0,4797,500,0,4189,0,23,1999,6706,9190,2484
35,161,1,2,1000,1129.69,0,638756,0,0,0,19,2,78180,0,0,1,2,4,0,0,16,3,1,2,3,0,30892,3286,3399,23610,2,0,2008,4982,9190,4208
29,0,0,2,500,870.81,0,611600,0,3,2,13,2,50581,0,2,3,1,4,1,4,15,1,2,2,3,1,85401,7495,23812,54456,6,8,2003,5972,9142,3170
39,236,2,2,500,920.48,0,463203,0,5,1,16,2,26271,-61432,2,1,2,3,2,3,0,1,1,0,1,0,83872,13191,13086,58301,3,25,1998,4284,9167,4883
46,354,1,2,500,1183.48,4000000,604006,1,4,8,14,2,0,0,2,1,2,3,4,0,4,1,1,2,1,2,61488,9603,9916,38142,8,12,2002,2050,9161,7111
36,172,0,1,1000,1256.78,0,433795,1,1,6,1,4,50592,0,2,2,2,1,1,6,22,1,1,2,3,0,50000,9166,9819,33407,0,23,1995,6416,9180,2764
53,376,2,1,500,1568.78,0,451295,1,4,11,19,3,0,0,0,2,0,3,1,0,21,4,2,0,2,0,61508,5975,12726,40977,4,30,2007,6355,9129,2774
47,342,0,0,1000,1596.71,6000000,643036,1,2,11,19,2,61640,-32247,0,3,1,0,0,5,12,3,1,2,3,1,33564,8322,4148,21471,13,28,2009,6239,9151,2912
45,303,1,2,2000,1311.73,0,641829,0,6,6,1,2,27763,0,2,1,0,1,0,4,1,1,2,0,0,2,73837,11316,10360,46426,10,2,2000,3242,9200,5958
43,49,0,1,2000,1212.28,0,427780,1,1,5,3,4,0,-64813,0,1,2,4,0,3,15,3,2,1,2,0,62138,6171,11621,44309,4,27,2008,3965,9119,5154
47,282,2,1,500,1389.7,0,476329,1,2,8,3,0,55668,-74418,0,2,1,3,0,6,15,3,1,0,0,0,63233,13067,6560,44770,0,33,2001,4711,9139,4428
62,477,2,0,1000,1326.85,0,604727,0,2,10,3,2,54960,0,2,1,1,1,2,1,18,1,0,2,1,0,55832,6078,6141,42417,13,28,2003,1048,9186,8138
26,14,0,1,2000,1637.18,0,572739,0,0,2,2,4,0,-28245,2,2,0,1,2,5,18,1,2,2,1,1,69355,13167,13037,45904,1,5,2012,4618,9191,4573
40,200,0,1,1000,1680.27,7000000,455143,1,2,10,14,2,45716,-21486,2,1,1,4,0,4,6,1,2,1,0,2,52438,5291,5078,42079,6,8,2003,837,9119,8282
31,146,1,1,1000,1890.66,0,477809,0,2,2,8,2,79903,0,2,1,2,1,1,5,13,1,0,1,0,1,61184,6626,6613,48788,1,4,2002,3867,9167,5300
33,32,0,2,500,1291.98,0,434143,0,6,8,5,0,0,0,0,3,0,0,4,1,4,3,2,1,0,0,50952,5120,5029,41534,1,4,1997,810,9167,8357
40,245,2,0,1000,1363.33,0,458787,0,1,6,3,1,36966,0,2,2,2,4,1,4,17,1,0,2,0,2,56610,6560,6057,45527,3,34,1995,5226,9149,3923
44,258,0,1,2000,1055.24,0,637062,0,1,4,4,1,65856,0,0,1,1,1,0,5,22,3,0,2,2,0,68785,11626,11869,47200,3,34,2008,770,9193,8423
35,152,0,1,2000,1362.55,0,478266,0,0,12,17,4,0,-36007,2,2,0,3,3,0,13,1,2,2,3,2,55165,5190,10060,40480,9,26,2002,704,9113,8409
45,225,2,0,1000,1496.59,0,460449,0,4,3,8,1,87888,-21070,0,1,0,0,4,5,3,3,0,1,1,2,69337,6072,11532,51260,5,16,2009,7699,9162,1463
24,94,0,1,2000,1564.87,0,582360,0,0,9,3,0,10420,0,2,1,2,0,1,5,9,1,1,2,3,0,76753,7198,14026,54168,10,1,2007,5752,9197,3445
47,262,0,0,2000,1470.7,0,616847,1,4,8,15,0,35174,0,2,1,1,1,0,1,7,1,0,0,1,0,67284,10872,11128,44044,12,9,2005,67,9192,9125
44,290,2,1,2000,1303.28,6000000,622060,0,4,7,3,4,61038,-29533,0,2,0,3,1,0,21,3,2,1,0,2,63980,11499,10733,37956,4,30,2011,740,9148,8408
47,263,0,1,2000,1127.83,0,476010,1,4,2,0,4,34370,0,1,0,3,2,2,0,3,1,1,2,3,1,4890,882,431,3603,12,9,1995,5330,9144,3814
30,111,2,1,2000,1102.03,6000000,482125,0,6,7,0,3,55175,-56797,1,0,1,2,1,0,5,1,0,1,3,0,4182,741,786,2831,13,28,1998,4364,9131,4767
57,459,2,1,500,1262.66,4000000,452566,1,1,1,8,0,24551,-48732,1,0,1,2,3,0,4,1,0,0,0,0,6515,622,640,4879,6,10,2002,7185,9165,1980
31,148,1,1,500,1142.88,0,595196,1,0,10,12,0,39132,0,0,3,0,3,4,0,21,4,1,2,0,2,75130,6989,13341,53865,1,5,1999,8953,9193,240
36,208,1,1,500,1100.42,0,419296,1,0,2,0,2,0,0,0,3,2,3,1,0,16,3,1,1,0,1,50550,10019,4994,34536,0,33,2004,3848,9183,5335
41,279,1,0,1000,1471.27,0,589323,0,6,9,17,5,71609,0,2,2,0,1,1,3,23,1,1,2,3,2,107503,18278,18767,72609,13,28,2015,8793,9156,363
25,96,0,1,1000,1226.08,0,457476,1,5,10,5,4,0,-70009,0,3,2,3,4,5,10,3,1,2,3,0,80843,7403,15331,59907,7,36,2006,2850,9139,6289
34,169,1,2,2000,1092.07,0,429539,0,5,5,3,0,0,0,2,3,0,4,2,0,14,1,1,0,3,1,53850,9662,4776,38729,12,9,2001,3818,9198,5380
57,473,1,0,500,838.5,7000000,593072,0,2,4,9,3,0,0,0,3,0,0,0,2,7,3,0,0,1,2,61814,9397,10145,40737,4,30,1995,2887,9128,6241
27,79,1,0,1000,1359.58,0,471483,1,6,0,15,1,13388,-38811,2,2,0,3,1,6,14,1,0,2,3,2,70389,9085,8960,51878,13,20,2007,2491,9171,6680
51,351,2,0,2000,1377.48,0,434255,1,0,11,16,2,0,0,2,3,1,0,4,3,14,1,2,0,2,0,86805,7786,14547,60179,1,5,2004,855,9145,8290
51,389,1,0,500,1737.66,0,471459,0,4,2,11,4,0,-65856,0,1,2,1,2,2,10,3,1,1,3,0,58508,6520,6520,44266,10,2,2015,2432,9197,6765
27,38,0,1,1000,1000.07,0,439136,1,5,13,19,1,0,-41565,3,0,3,2,4,6,17,1,2,2,1,0,6948,1494,723,5095,2,37,2004,1946,9154,7208
36,220,1,2,1000,1088.31,0,488562,1,6,12,15,3,0,-53611,2,2,0,0,1,1,15,1,1,2,3,2,49443,9427,5150,35882,11,19,1996,5578,9152,3574
26,89,1,0,2000,1093.15,0,600171,0,3,4,14,0,0,0,3,0,3,2,0,0,4,1,2,1,2,2,7456,1260,669,5253,2,22,2008,1713,9128,7415
41,284,0,0,500,1147.49,0,478002,0,0,9,17,3,56930,-47750,0,3,0,3,1,2,12,2,2,2,3,2,66465,12593,6116,48934,1,4,2003,7917,9183,1266
46,321,1,0,2000,1098.13,0,418387,0,2,2,5,5,0,-57020,0,3,2,3,0,4,20,2,2,0,2,1,61710,10670,5390,42284,5,14,1999,8937,9204,267
35,150,0,0,500,1034.76,0,575975,1,0,10,15,2,0,-63684,0,2,0,0,5,6,15,3,1,0,3,0,40120,4397,4522,31721,9,29,2001,7478,9157,1679
30,140,1,2,1000,1440.98,0,483993,0,2,3,9,0,80379,0,2,2,0,0,1,6,1,1,2,2,0,0,64999,5444,5937,49309,10,1,1995,3872,9180,5308
50,353,0,1,500,1676.43,0,482086,1,6,13,0,1,61648,-13951,2,2,1,1,2,2,3,1,2,2,0,1,78080,7386,8053,60132,11,21,2006,3037,9221,6184
34,191,0,1,500,1195.74,0,464800,0,6,1,12,0,0,0,0,3,0,1,1,0,20,3,1,1,1,2,48852,9732,4796,38443,2,22,2000,7427,9194,1767
31,132,1,1,500,1053.06,0,466393,1,4,3,11,4,54543,-61789,0,1,1,3,2,1,4,3,2,2,1,2,73585,6884,13931,52063,3,34,2005,7996,9158,1162
28,135,0,0,2000,1335.14,0,609976,0,4,2,7,0,0,-47093,2,2,0,4,0,1,10,1,1,1,2,0,53327,4733,8960,40036,8,12,1995,7362,9143,1781
41,249,1,0,500,1330.71,0,447413,0,4,11,0,0,0,0,3,0,3,4,0,6,2,1,1,1,3,1,6082,648,684,4578,12,9,2014,6041,9171,3130
42,288,0,0,2000,1519.26,0,616734,1,2,13,2,3,36913,0,0,1,0,1,0,4,13,3,1,0,1,2,55501,5841,12079,41830,11,21,2007,2523,9147,6624
42,223,2,1,2000,1154.12,5000000,459748,1,4,6,15,2,0,0,3,0,1,4,3,5,8,1,2,0,0,2,5059,796,749,3408,8,12,2007,6016,9174,3158
32,166,0,1,500,1012.2,0,625644,0,0,3,0,2,47071,0,0,2,0,1,0,2,17,4,0,2,1,0,36747,3417,3646,27223,8,12,1996,350,9179,8829
32,112,0,2,1000,1089.53,0,477424,0,0,3,3,1,0,0,0,3,0,0,2,5,18,3,1,0,3,0,33955,0,4112,30159,1,5,2005,5794,9189,3395
45,315,1,0,1000,1185.09,0,618980,0,1,6,6,0,49151,-65270,0,3,0,1,0,4,20,3,1,0,3,2,48609,10146,5043,34130,7,36,2010,5465,9184,3719
25,94,1,1,1000,1061.31,0,453793,0,0,1,18,2,54491,0,0,1,1,3,1,0,15,3,2,0,2,2,72048,7701,7197,60191,7,36,1996,3612,9185,5573
41,204,1,0,2000,1377.98,4000000,489848,0,2,8,16,2,0,0,2,2,1,4,2,1,19,1,0,2,1,0,89575,15080,16349,56673,3,32,1995,6630,9131,2501
38,257,0,1,1000,1388.22,0,602853,0,3,2,12,4,0,-80879,0,3,1,1,5,1,12,3,0,1,3,2,47258,7884,8062,31195,9,35,2012,2099,9172,7073
37,238,0,1,500,917.51,8000000,471270,0,0,0,4,0,59101,0,0,2,1,4,0,0,7,3,2,0,1,2,72965,13398,6613,53701,2,0,2010,4134,9218,5084
24,61,2,0,500,906.06,0,478347,0,1,8,13,2,48348,0,0,2,0,0,1,3,15,3,1,2,1,2,65651,9500,9472,45723,12,18,2011,2208,9152,6944
28,114,2,1,2000,1109.71,0,614197,1,2,13,18,2,28075,0,0,2,0,3,5,3,16,2,0,1,0,2,63783,7150,20836,34373,0,33,2006,2766,9153,6387
37,206,2,1,500,1028.5,0,638607,1,3,12,9,2,0,0,3,0,1,4,3,6,6,1,2,1,2,0,8406,1496,748,6551,0,33,2008,3263,9154,5891
30,0,0,2,1000,1401.82,0,449748,1,1,12,0,5,60540,-40360,0,2,1,0,0,6,6,4,2,1,1,0,38091,6864,6858,26559,0,23,2002,7737,9149,1412
39,32,1,1,2000,542.89,5000000,458601,1,0,1,14,4,0,0,1,0,3,4,4,6,22,1,1,0,0,0,2539,450,427,1840,6,8,2015,1592,9167,7575
40,263,2,1,500,1414.42,0,586331,1,4,1,0,0,0,0,0,3,0,3,0,1,6,3,2,0,2,1,50359,8949,4912,36285,1,4,2002,8235,9192,957
40,264,2,0,500,1409.2,0,441404,0,4,3,5,2,35700,0,0,1,1,0,0,0,6,3,1,2,2,0,82978,13884,7017,59332,4,27,1995,1469,9173,7704
53,440,2,2,2000,1157.86,0,608510,0,4,2,3,4,63991,0,0,2,0,4,0,2,4,3,2,2,0,2,63795,13045,6410,45659,7,36,2007,4711,9130,4419
26,103,0,0,500,998.95,0,490179,0,3,1,16,5,64746,0,0,2,1,0,0,0,14,3,2,1,0,0,62028,12059,11605,36070,9,35,2002,8916,9181,265
25,100,1,1,1000,411.66,0,619557,1,5,6,9,2,26832,0,1,0,1,2,1,2,7,1,2,0,3,0,5799,1164,597,4014,8,12,2009,6277,9160,2883
58,431,0,1,2000,1273.55,7000000,488288,1,4,7,3,3,0,0,0,1,1,1,0,5,19,3,2,0,3,1,82945,17079,8024,57947,9,29,1998,5143,9118,3975
38,239,0,2,2000,1324.86,5000000,627247,0,5,3,18,5,0,0,3,0,3,2,4,4,10,1,2,2,1,2,6646,679,1302,4536,0,33,2005,2750,9116,6366
35,165,0,0,1000,1052.29,0,643720,0,2,6,0,5,65796,-70928,2,3,2,3,0,1,18,1,0,0,2,1,53518,4743,4758,46072,6,8,2005,9046,9162,116
29,88,2,0,1000,1374.53,4000000,442735,0,2,8,14,3,62200,0,2,3,1,4,4,2,19,1,2,1,0,0,60993,6804,6467,47392,9,26,2011,3567,9188,5621
38,210,1,0,2000,1147.46,0,613655,0,0,1,8,0,0,-37725,2,3,0,3,2,2,12,1,1,1,1,0,76820,7110,13995,57333,9,35,2005,6998,9145,2147
46,246,0,1,2000,1609.59,0,586646,1,1,4,0,2,0,-56959,2,1,0,3,0,2,18,1,1,1,2,1,61257,11651,5345,45086,6,10,2009,4246,9213,4967
43,258,2,2,1000,1253.92,0,584589,0,5,5,12,1,0,0,2,2,1,1,1,5,17,1,1,2,3,1,76385,13524,6385,57407,9,35,1997,2364,9118,6754
36,164,1,0,2000,1178.81,0,449296,1,4,5,13,3,64681,-69455,0,2,0,4,6,2,19,3,2,2,0,0,83338,14514,14166,53287,9,29,1999,5379,9159,3780
29,9,1,0,1000,1108.19,0,445021,0,2,6,7,1,0,0,2,2,2,4,0,4,12,1,2,0,0,0,84918,15876,15720,51912,2,0,2011,1558,9165,7607
28,2,1,1,1000,1348.6,0,428418,0,3,6,9,1,0,0,2,3,1,1,0,3,19,1,1,0,2,1,57151,6705,6453,44586,10,1,2008,3442,9165,5723
26,79,0,2,500,1041.78,0,639716,1,3,7,16,2,0,-65569,1,0,3,4,1,3,4,1,0,0,3,0,6007,528,1075,4338,13,28,2009,805,9152,8347
59,449,0,2,1000,1074.72,0,630441,0,0,9,1,0,0,-56400,0,2,0,4,3,3,6,3,2,0,2,1,80837,6457,19152,54689,10,3,2000,291,9167,8876
27,131,0,2,1000,1380.69,0,448293,1,5,6,0,1,0,0,2,3,0,1,0,6,23,1,2,2,3,2,43390,9731,4920,31158,12,9,2005,76,9212,9136
31,127,1,2,2000,1232.78,0,480288,1,6,3,3,3,0,-39412,0,3,2,3,1,1,16,3,0,2,3,2,50222,8775,4294,35208,11,21,2005,8253,9159,906
31,162,2,2,500,1300.59,7000000,436608,1,2,4,15,3,38705,-41017,0,2,0,3,6,0,2,4,0,2,2,0,46269,4793,9950,35059,0,33,2011,193,9172,8979
30,131,0,0,2000,751.99,0,454610,0,1,11,5,2,0,-40675,2,2,2,1,1,1,0,1,2,1,0,0,60338,5722,5884,49944,5,14,1999,4206,9190,4984
47,302,1,0,2000,1294.81,0,446829,0,3,13,16,0,33783,0,2,1,2,4,1,5,19,1,2,1,1,2,55304,4996,10305,41346,13,28,2002,2187,9148,6961
53,365,0,1,2000,1511.02,0,458758,0,5,8,18,1,0,0,0,1,2,4,2,6,10,2,1,1,3,0,74558,7182,14151,58308,7,36,2012,2002,9177,7175
33,15,1,0,1000,1884.51,0,467578,1,3,12,6,1,55452,0,0,3,2,3,1,0,21,3,1,1,0,2,67650,12632,6359,51118,1,5,2009,2883,9166,6283
44,229,2,1,2000,990.19,0,457245,0,1,9,10,2,46126,-38493,2,1,2,1,1,5,19,1,0,0,2,1,73991,12846,13048,45717,2,37,2015,3807,9165,5358
42,297,0,2,1000,1434.68,0,584405,0,0,11,0,1,0,0,0,3,1,1,0,5,19,3,1,1,3,2,70774,7985,7650,55313,7,36,2010,4760,9156,4396
28,88,0,0,500,1100.8,0,595502,0,5,13,14,3,0,0,2,3,1,4,0,5,2,1,2,2,1,1,34234,6570,3285,26384,5,14,1996,5123,9176,4053
32,124,0,2,500,1304.13,0,577470,0,0,2,13,3,76500,0,3,0,1,2,4,0,8,1,1,1,3,2,4916,458,906,3421,10,1,1998,6083,9126,3043
32,125,1,0,500,1039.89,0,591929,0,2,13,6,2,0,-28724,0,3,0,0,0,6,2,3,0,0,2,2,68741,0,14887,53139,5,13,2013,1315,9157,7842
43,280,2,1,1000,1427.02,0,606673,1,3,6,4,5,58594,0,0,1,1,3,0,0,0,3,1,1,2,0,87685,13668,13837,56649,5,13,1999,7864,9132,1268
25,78,1,2,1000,1421.82,0,471530,0,0,8,10,0,0,0,0,3,2,3,2,6,23,2,2,2,3,1,64709,6392,6321,54527,10,2,2011,8003,9130,1127
46,285,2,0,1000,1256.83,0,615876,0,5,11,1,2,52785,0,3,0,3,4,1,1,8,1,0,1,1,0,2716,302,285,2102,5,14,2013,639,9118,8479
29,125,1,2,2000,897.55,0,458392,0,6,11,18,0,53611,0,2,1,2,3,1,2,7,1,0,1,3,2,77408,14114,6672,54350,11,15,2009,6320,9159,2839
32,80,2,1,1000,1494.0,4000000,457992,1,6,10,2,3,0,-27342,2,1,0,3,2,6,21,1,0,1,0,0,56272,4953,10200,38658,6,8,2009,3310,9183,5873
23,56,0,2,2000,1424.35,5000000,448443,1,2,13,15,3,56982,0,2,2,0,1,4,5,8,1,0,2,1,0,50581,4511,9242,37079,3,34,2007,856,9137,8281
32,102,2,0,1000,953.39,6000000,644489,1,4,1,8,3,0,0,2,2,1,0,0,1,21,1,0,1,0,1,76381,12499,6583,55209,3,25,2002,1119,9145,8026
43,310,1,0,2000,1289.44,5000000,431262,0,2,9,11,0,58999,0,0,3,0,0,3,6,6,3,0,2,0,1,78239,7134,13952,59826,11,21,2013,8759,9176,417
39,205,0,1,500,1235.58,0,429580,1,2,8,15,0,38638,-55545,2,2,2,4,2,0,8,1,0,2,0,2,83063,9131,9060,62611,1,4,2015,7324,9177,1853
55,416,0,1,500,823.39,0,616567,1,2,0,12,4,70788,0,3,0,3,4,1,3,7,1,2,2,3,2,6778,625,1240,4704,0,23,2012,180,9185,9005
43,304,0,2,1000,704.56,7000000,497402,0,0,6,4,2,40840,-63529,2,2,1,1,4,6,20,1,2,2,0,2,61956,6542,7017,46033,9,26,2013,3298,9125,5827
49,374,0,0,1000,1293.24,0,483535,1,0,11,3,2,0,0,2,1,0,4,0,5,16,1,1,2,3,0,37913,0,0,35975,1,5,1996,6280,9161,2881
45,221,1,2,1000,1575.99,6000000,590552,1,0,11,2,4,68310,-48024,3,0,1,2,0,0,20,1,0,0,1,0,6370,1339,633,4459,0,31,2009,8899,9205,306
38,208,1,0,2000,1145.83,0,616777,0,4,12,11,5,0,-45100,2,3,2,0,1,4,5,1,0,0,1,2,90258,17266,16525,56169,5,14,2003,3961,9188,5227
36,41,0,2,1000,1535.8,0,482997,1,6,5,16,2,63369,0,0,1,2,3,1,1,1,3,1,2,2,2,59677,6534,6562,48909,9,35,2006,8833,9177,344
42,265,0,1,2000,1150.11,0,451140,1,5,3,4,4,0,-45073,2,2,1,1,6,5,17,1,2,1,3,1,42927,7529,7875,27097,3,32,2001,688,9132,8444
42,236,0,2,2000,1650.67,0,630903,0,0,12,2,2,65019,0,3,0,1,2,0,6,6,1,0,0,1,2,3732,707,682,2368,3,25,2011,2784,9162,6378
53,360,1,1,500,1764.46,0,607401,1,0,12,8,5,0,0,2,1,1,1,4,5,23,1,1,2,2,0,69093,12987,6012,50549,3,25,2009,8597,9153,556
45,286,1,2,1000,1554.58,0,470404,1,2,5,3,0,0,0,0,3,2,1,4,1,17,2,1,2,3,0,55457,6639,7015,40590,10,3,2006,8958,9172,214
42,275,2,0,500,1402.33,0,465596,0,1,10,19,1,0,-70420,2,2,1,4,1,3,23,1,1,0,0,2,76365,15860,15986,49959,10,1,2007,281,9142,8861
26,108,0,2,1000,1661.33,0,466386,0,0,8,9,3,0,-63419,2,3,2,0,1,6,3,1,2,0,3,2,55315,5842,5934,45540,1,4,2010,7169,9186,2017
31,96,2,0,1000,1073.02,3000000,635358,1,3,2,9,4,0,0,2,1,2,1,0,0,17,1,1,1,1,0,41335,4368,4437,31126,4,30,1999,8986,9135,149
37,167,2,2,2000,1433.56,0,608212,0,6,7,19,2,50045,0,2,3,1,0,0,2,13,1,1,2,3,2,79261,16520,7965,54203,0,23,1995,2829,9210,6381
38,244,2,2,2000,1338.59,7000000,623570,1,5,1,0,2,0,-43515,0,3,1,4,1,2,5,3,2,1,1,2,62227,5774,11705,46464,4,30,2001,3503,9176,5673
61,454,2,1,2000,1566.85,2000000,455439,0,0,13,14,4,0,-43579,0,2,0,0,6,1,3,3,1,2,1,1,77709,15807,7458,57130,3,34,1997,3116,9171,6055
38,246,2,0,500,1920.15,0,609317,1,4,9,19,0,0,0,2,1,1,1,3,0,10,1,1,0,1,2,41332,0,5377,36090,6,10,1996,1620,9185,7565
50,291,2,2,500,1149.05,0,454111,1,5,4,3,3,22768,0,0,3,2,4,2,1,23,3,1,1,1,1,42127,3903,3997,36012,3,25,2010,2252,9146,6894
40,204,0,1,2000,1689.27,0,454552,1,3,6,10,0,0,-50631,2,2,2,0,1,0,7,1,1,1,1,0,47124,4074,8013,34944,1,5,1997,1355,9180,7825
32,134,1,0,2000,1028.19,0,446010,1,4,11,19,5,0,-65134,1,0,1,4,0,3,3,1,2,0,1,0,5105,479,481,4021,12,9,2010,284,9146,8862
39,235,1,2,2000,1520.47,4000000,636298,1,3,2,19,2,0,0,2,3,0,3,4,2,10,1,2,0,3,2,62793,9716,8945,42135,3,34,2012,8511,9175,664
38,185,2,1,500,801.76,0,446119,1,5,0,13,3,0,0,0,1,0,3,2,1,3,3,2,2,2,0,60331,5940,12570,43523,4,30,2012,5722,9204,3482
33,181,0,0,500,890.57,0,633424,0,3,5,0,5,79268,-58127,2,1,0,3,0,0,14,1,2,2,1,1,38041,4194,4222,28045,6,6,2009,1951,9204,7253
37,148,2,1,500,1382.81,0,490007,0,0,10,6,4,45408,0,0,2,2,1,1,0,14,3,0,1,2,1,58745,5679,5691,48840,9,26,1998,8349,9183,834
55,393,0,1,2000,1237.54,0,453449,1,3,4,2,1,47664,-78644,2,2,0,3,0,6,19,1,0,0,2,1,68379,7447,15722,47167,8,24,2013,5011,9210,4199
36,203,2,1,2000,1461.6,0,626076,1,4,1,16,3,0,0,3,0,3,4,2,6,3,1,2,1,1,0,5045,506,555,4312,7,17,2001,2243,9190,6947
32,153,0,0,1000,1298.12,6000000,477786,1,2,2,15,1,51807,-50233,2,1,0,3,2,6,15,1,1,2,0,1,50816,11108,5495,35720,8,7,1995,7520,9189,1669
33,103,0,1,500,1154.95,6000000,469994,1,1,0,9,1,67636,0,2,2,1,3,4,1,4,1,0,1,2,0,42228,6718,6657,26656,2,37,2004,5575,9203,3628
29,104,0,0,2000,1607.5,0,594564,1,2,2,14,3,0,0,3,0,1,4,2,2,8,1,1,2,1,1,5248,0,1160,4402,10,3,1999,103,9183,9080
24,35,0,0,1000,1238.26,0,591526,0,5,10,9,1,50680,0,0,2,1,0,1,4,4,3,1,0,0,1,50672,5579,11271,32897,11,19,1996,4829,9178,4349
30,65,0,1,2000,1149.37,0,463509,1,2,3,6,2,0,-63119,2,3,1,0,3,2,4,1,2,1,2,0,41864,4579,4544,34715,9,29,2007,7987,9164,1177
41,232,2,0,500,1503.03,9000000,485831,0,3,10,14,3,0,-67496,0,2,2,1,3,3,18,2,1,0,2,2,64753,6231,11688,46657,5,13,2008,5370,9127,3757
31,31,1,0,2000,1211.67,4000000,442948,0,3,7,10,5,44881,-90355,2,3,0,1,2,2,10,1,2,2,0,2,62455,5501,10356,45553,1,5,1997,3569,9198,5629
27,72,1,1,2000,1219.77,4000000,473501,1,4,4,1,1,30384,0,0,2,2,3,3,4,9,3,2,0,1,1,41244,4919,0,34683,3,34,2003,4837,9168,4331
45,291,2,0,1000,1552.44,0,604230,0,4,7,11,5,0,-56669,2,3,1,1,1,3,12,1,2,0,0,2,57873,6211,12350,43565,5,16,2004,1172,9162,7990
44,245,0,1,500,919.73,0,457628,0,6,11,1,0,53891,0,2,2,0,4,2,4,23,1,0,0,1,0,58844,0,11461,45702,3,25,1998,7086,9170,2084
29,89,1,0,2000,975.47,0,417550,0,4,9,13,0,0,0,0,2,0,4,4,0,21,3,1,1,3,0,49271,8591,8469,32027,10,1,2014,6592,9210,2618
36,189,2,1,2000,1313.62,0,420754,0,3,10,7,4,77421,-109100,0,2,1,0,0,6,1,3,0,2,3,2,74390,12779,11820,51020,1,4,1995,6787,9200,2413
33,200,0,0,2000,1195.57,0,445715,1,5,6,4,2,72656,0,2,2,2,4,0,3,2,1,1,0,1,2,50000,9847,4791,39694,8,12,2008,3007,9133,6126
47,389,0,2,2000,1420.57,0,467262,0,4,12,13,2,0,0,0,3,0,4,0,3,18,3,0,2,2,1,49935,5242,10049,35063,0,23,2003,5346,9160,3814
32,172,1,0,1000,1638.64,0,478120,1,1,0,19,5,0,-13767,2,3,0,0,1,6,22,1,2,1,3,2,80730,21652,13896,49893,7,17,2004,4770,9142,4372
34,213,0,1,500,893.24,0,486540,1,4,12,12,0,61132,-78865,2,3,2,1,1,4,13,1,1,2,0,1,77550,12967,6504,51493,5,13,2007,257,9167,8910
50,388,1,1,1000,1261.6,7000000,451149,0,2,7,13,3,0,-36432,0,2,1,3,0,5,2,2,1,2,0,2,91054,6846,13214,65116,0,31,2010,2856,9168,6312
56,371,1,0,2000,928.43,0,435929,1,2,9,13,2,74953,-68131,0,2,0,0,1,2,20,3,0,0,0,1,73379,17880,6228,47107,11,15,2000,1607,9154,7547
36,150,2,1,500,1109.19,0,597381,1,2,3,9,4,0,-50038,0,2,1,4,4,1,16,4,2,1,2,1,55642,5521,5356,43019,6,10,2010,1144,9168,8024
30,112,2,1,500,1235.45,0,629693,0,4,9,4,0,29572,0,2,3,0,4,1,5,23,1,0,0,0,0,42697,4614,8848,30259,11,15,1997,6873,9156,2283
30,81,2,2,1000,1506.77,0,450855,1,0,10,15,2,53560,-71609,2,3,0,3,0,6,19,1,1,0,1,1,74948,11946,12862,49123,11,15,2006,1409,9160,7751
36,226,0,0,1000,1238.54,5000000,423506,0,2,4,19,1,48756,0,0,1,1,1,2,4,19,3,2,2,2,0,59846,9158,9360,38591,13,28,2015,3971,9183,5212
33,126,1,1,500,1442.73,0,444560,0,5,9,14,4,38976,-31902,0,2,2,1,5,1,18,3,0,2,0,1,100489,17943,17761,65475,8,12,2011,4983,9163,4180
32,167,2,2,500,1119.13,0,470010,0,0,7,15,0,44188,-56403,3,0,3,4,1,6,5,1,1,1,0,0,4350,469,479,3376,8,12,2002,7732,9168,1436
34,117,0,0,1000,974.07,0,452106,0,4,1,3,5,51902,-34243,1,0,1,2,1,6,5,1,0,1,1,0,7061,1116,1116,5090,12,18,2010,8332,9129,797
36,135,0,2,2000,951.84,0,417163,0,3,13,6,3,0,-65459,0,1,0,1,0,5,2,4,1,0,2,1,74183,15040,15055,42369,6,6,1998,3840,9196,5356
49,356,0,2,500,1526.69,9000000,452721,0,4,8,2,4,0,-11833,2,3,2,3,4,2,15,1,1,0,2,2,101695,8983,17726,75572,7,36,1997,2492,9139,6647
48,277,1,0,2000,1069.89,0,456043,0,1,11,7,5,43979,0,2,3,1,4,5,6,9,1,0,1,2,1,32073,3831,3638,25232,9,29,2012,8425,9195,770
29,60,2,1,1000,1169.91,0,603381,1,3,5,14,4,0,-65934,1,0,3,2,3,2,10,1,1,2,1,1,6195,575,614,4932,9,29,2010,1904,9131,7227
47,366,0,2,2000,1285.16,4000000,448644,1,1,7,11,0,0,0,0,1,0,1,2,0,19,3,0,2,1,0,61355,6091,6468,48531,1,4,2003,76,9165,9089
44,235,1,2,2000,1327.04,6000000,598346,0,1,8,5,2,0,-59752,0,1,1,3,1,6,15,3,0,1,2,1,66766,6696,13540,48843,11,15,1999,4957,9158,4201
27,21,2,1,2000,1267.1,6000000,450537,1,4,3,19,2,0,-58897,2,2,0,0,1,6,14,1,2,2,3,2,67826,7264,13975,51492,0,23,2012,1641,9170,7529
31,130,0,1,2000,1141.15,0,442072,1,6,7,15,5,41462,-33303,3,0,1,4,1,5,21,1,1,1,1,1,5588,1155,558,3774,11,21,2005,2912,9167,6255
33,187,1,2,1000,1291.3,0,439926,1,4,6,19,5,0,-58087,3,0,1,2,6,6,17,1,2,1,3,0,4926,991,503,3652,3,25,2000,5695,9182,3487
26,64,1,0,1000,1006.24,0,426269,0,5,10,4,4,0,0,2,2,2,4,0,4,3,1,2,1,1,1,61343,5797,6074,49701,11,15,2004,4822,9165,4343
46,312,0,0,1000,964.95,6000000,451896,0,0,2,12,3,47528,-43180,1,0,1,2,0,6,7,1,2,1,1,1,5411,876,896,3769,11,19,2002,8639,9166,527
24,42,0,0,1000,1003.13,0,460348,1,5,8,17,5,37134,0,0,1,0,1,4,2,13,3,0,1,3,0,47424,9811,4996,33028,4,30,1995,4970,9172,4202
40,217,1,2,2000,1345.25,0,630920,0,5,7,16,2,50947,-20334,0,1,1,1,0,1,16,3,0,0,2,2,63426,10711,10419,43669,5,16,1997,800,9150,8350
34,182,1,0,2000,1049.3,0,455422,0,3,12,3,4,0,-55218,0,1,2,0,4,5,22,3,2,1,1,0,17388,2160,2218,12906,1,4,2009,8443,9206,763
25,70,0,2,1000,1161.05,5000000,639100,1,1,6,10,3,60928,0,0,2,0,3,0,5,0,3,2,1,2,1,52526,5541,6062,42475,9,26,2012,5648,9164,3516
46,273,2,1,2000,1146.01,10000000,578875,0,3,13,17,2,0,-68478,0,1,2,0,6,0,16,4,1,1,2,1,64303,5925,5930,50672,4,27,2001,5559,9156,3597
43,289,0,0,2000,1466.07,0,453941,0,0,2,12,5,24825,0,2,2,1,3,1,1,13,1,1,1,3,0,69766,12390,13081,45248,2,0,2000,6802,9202,2400
48,356,1,0,1000,929.11,0,425349,0,5,11,13,1,0,-39280,0,3,0,1,0,3,18,3,2,2,2,1,74872,17417,11982,44961,2,38,2006,6733,9148,2415
47,333,0,2,500,1470.37,0,469745,0,5,13,3,5,0,0,2,2,2,4,0,5,19,1,2,0,2,1,74511,9126,9305,54437,8,24,2005,4315,9166,4851
33,147,2,0,1000,1175.61,0,627686,0,3,8,17,2,0,0,2,3,2,0,4,3,18,1,1,2,0,0,53399,9633,4697,39216,11,21,2012,119,9121,9002
26,96,0,0,1000,797.09,0,457169,1,3,4,18,0,0,-31198,2,2,2,0,1,6,22,1,2,1,0,2,46990,9878,10241,24747,7,36,2006,7333,9145,1812
60,456,2,0,1000,1667.14,0,460430,0,2,10,10,5,30709,0,2,1,2,4,3,2,23,1,2,2,2,1,75246,13656,14001,44501,7,17,1995,7029,9201,2172
43,217,2,0,1000,1135.81,0,478069,0,1,12,5,0,0,0,2,2,0,0,1,3,18,1,0,2,2,2,68745,7006,13652,49092,13,20,1996,8928,9175,247
49,288,2,2,2000,773.02,0,587321,1,5,9,12,1,0,-44200,0,3,0,0,0,2,16,2,2,2,3,0,61000,5323,11368,42281,1,4,2013,2700,9165,6465
55,452,0,0,500,1183.71,0,453982,1,5,0,16,3,66928,-83782,2,1,1,4,1,2,20,1,2,0,2,0,79013,6792,13390,56686,11,15,2000,1911,9195,7284
46,251,1,1,1000,1256.68,0,463503,0,6,9,11,2,0,-46362,2,2,1,1,1,1,16,1,1,0,1,2,63466,11766,11869,38157,13,20,2003,5668,9175,3507
28,135,0,0,500,1206.84,0,579076,0,3,13,18,2,60125,-69174,3,0,1,4,0,1,9,1,2,2,0,2,6429,1189,623,4157,6,6,1999,7458,9199,1741
31,155,1,1,500,1441.01,0,466633,1,5,9,3,4,0,0,2,1,0,3,0,4,15,1,1,1,3,1,70955,7020,13987,53994,4,30,2008,838,9170,8332
42,258,0,2,2000,844.29,6000000,425691,0,6,8,5,1,68157,0,1,0,3,4,4,2,7,1,2,2,2,0,6374,630,1248,4556,8,24,2005,5135,9176,4041
47,286,1,2,1000,1205.12,0,473987,1,5,10,4,5,0,-73113,0,1,0,3,0,6,18,3,2,0,2,2,56279,7192,0,47224,12,11,2002,8999,9179,180
30,159,2,2,500,1515.17,0,644666,0,3,2,14,5,58014,0,2,3,0,1,3,4,9,1,1,1,1,2,86535,7936,7759,72324,12,18,2000,7284,9182,1898
30,80,0,1,1000,1399.26,0,425330,0,5,1,11,4,75213,0,0,3,1,3,0,2,1,3,2,2,1,2,53440,5833,12049,34894,9,26,1997,486,9169,8683
55,365,0,1,2000,1603.84,0,463857,1,1,5,4,0,53959,0,0,2,1,4,3,0,6,3,2,2,0,1,82996,17622,8726,61322,12,18,2003,8528,9159,631
31,98,2,0,500,646.38,0,462680,1,5,6,3,5,0,-27693,2,1,1,3,4,5,3,1,2,2,0,2,64208,7098,7020,47696,5,13,1997,63,9137,9074
43,272,1,2,500,922.5,0,444831,0,2,6,15,5,44366,-61891,0,1,1,1,1,1,11,3,2,0,2,2,71864,14054,7054,49237,5,13,2010,3737,9113,5376
42,281,0,2,2000,1558.48,0,486320,0,0,4,15,3,32733,-11034,2,3,0,3,0,6,19,1,2,1,1,2,73262,6737,12519,52145,10,1,2010,514,9194,8680
40,206,1,2,500,1441.86,4000000,454742,1,5,12,14,1,0,-58698,0,3,0,1,4,3,13,3,2,2,0,0,62464,13427,6374,42694,2,38,1996,5421,9176,3755
25,80,1,0,1000,1408.8,0,426323,1,5,5,4,2,62920,0,2,1,1,3,1,0,12,1,2,0,0,0,94016,9103,8714,71669,2,0,1995,4179,9130,4951
61,454,2,1,500,997.15,0,592419,1,5,7,16,1,0,0,2,1,0,1,0,4,13,1,0,2,3,0,72034,13683,6770,50821,8,24,2002,8303,9175,872
56,407,1,1,500,1299.77,0,444175,1,4,3,8,1,0,-48353,2,1,0,4,0,0,11,1,2,0,0,2,64088,5855,5664,49835,8,24,1997,8147,9156,1009
40,259,0,0,2000,1132.49,0,475524,0,4,0,9,1,0,-73193,0,2,2,1,1,0,4,3,1,2,1,1,59955,5995,5612,44035,6,8,2014,279,9174,8895
38,152,1,0,500,1302.32,0,475475,1,2,1,2,3,25519,0,0,1,0,1,2,3,23,3,2,0,3,2,54316,10521,5398,38330,10,1,1998,7210,9163,1953
42,319,1,1,1000,1007.28,6000000,449286,0,5,11,15,2,0,-58049,0,1,2,3,0,6,12,3,2,1,0,1,27585,4757,4626,17809,13,20,2006,1202,9191,7989
49,307,1,0,2000,1387.0,0,449810,0,2,4,3,3,0,-42689,0,1,2,1,0,2,21,3,1,0,2,2,67082,12087,6249,46367,13,20,2003,7191,9156,1965
25,30,1,1,2000,1346.06,0,487277,1,5,4,16,3,0,-73994,0,2,1,3,1,2,4,4,1,1,2,1,65733,6892,7058,50015,9,29,2013,9057,9132,75
43,214,2,0,1000,1147.71,0,458624,0,2,13,14,2,49709,0,2,3,0,0,3,4,1,1,2,2,2,1,69726,6156,5999,56503,12,18,2006,4544,9133,4589
41,271,1,2,2000,1498.7,0,452277,0,6,5,11,3,0,-59524,0,3,2,3,0,3,3,3,0,0,2,1,58657,6517,6194,42427,5,16,2012,811,9151,8340
28,108,0,0,2000,1032.46,6000000,446283,0,2,0,12,0,0,0,0,3,1,4,0,5,17,3,0,1,3,1,95360,16410,15831,59177,7,36,1995,6149,9197,3048
44,271,0,1,500,929.7,0,493389,0,1,3,6,4,0,0,3,0,3,2,4,6,3,1,0,2,3,0,3183,301,561,2266,5,13,1995,3244,9134,5890
33,126,2,1,1000,1072.84,0,464053,0,0,0,3,0,0,-48848,3,0,3,4,3,1,16,1,2,2,0,2,7840,1311,701,5674,0,23,2012,4129,9131,5002
42,240,1,1,1000,1592.17,0,465470,1,3,6,10,5,32920,-32140,0,3,0,1,5,1,9,3,2,2,2,2,53866,12218,5961,37118,12,9,2006,3344,9193,5849
35,182,0,1,2000,1645.9,0,625894,0,3,8,8,4,0,0,2,2,2,0,0,2,22,1,1,1,2,1,57990,11542,5815,40437,7,17,2009,6967,9168,2201
38,219,2,0,2000,1108.17,0,420837,1,4,6,10,1,0,-61662,2,1,2,4,0,2,20,1,2,2,2,1,57637,6995,7049,45675,0,33,2001,6767,9175,2408
38,174,1,2,1000,1446.56,0,471467,0,5,6,8,3,0,-43153,0,2,0,1,0,3,23,3,1,1,3,0,42203,3950,7431,31691,3,25,2015,1615,9177,7562
36,155,1,0,2000,1108.9,0,451746,1,6,8,8,1,62788,0,0,1,2,4,2,6,0,3,1,2,2,1,59088,5065,14772,41045,13,20,2003,5136,9120,3984
37,234,0,1,500,937.38,0,486827,0,2,11,5,5,0,0,2,2,0,1,1,2,14,1,1,2,0,2,71474,0,7799,65178,8,7,1997,722,9196,8474
37,197,1,1,1000,1329.93,0,476667,0,2,12,12,2,0,-50816,2,1,0,4,2,1,6,1,2,0,2,0,43062,7684,4128,32384,2,38,2007,659,9184,8525
41,251,1,2,2000,1225.66,4000000,634194,1,2,8,2,2,0,0,2,3,1,1,1,2,22,1,0,2,0,2,68468,13541,13194,43492,13,28,2000,8410,9161,751
32,26,0,0,500,1039.63,0,478949,0,6,0,19,2,38089,0,2,1,2,0,1,0,11,1,0,1,0,2,60454,12423,6303,42275,4,27,2013,8985,9149,164
36,191,1,0,2000,1270.98,0,582358,0,5,2,17,1,0,0,0,3,0,0,3,2,19,3,0,2,0,0,54743,10199,5248,40919,13,20,2007,5831,9196,3365
37,39,2,2,1000,1185.83,4000000,609326,0,1,11,10,3,0,-34598,1,0,1,4,3,4,8,1,0,0,2,2,8418,1403,1476,5804,2,0,2013,4089,9155,5066
32,121,2,0,2000,1056.65,0,438769,0,5,13,4,5,55154,0,0,3,0,1,1,3,2,3,0,0,1,1,56132,10832,5251,40568,3,34,2007,6556,9219,2663
31,96,2,2,2000,1339.0,0,459687,1,5,6,9,1,69088,-46218,0,3,2,4,1,6,21,3,1,0,3,1,81247,14742,15361,53607,12,9,2003,2527,9178,6651
31,107,2,1,1000,1151.52,0,450352,1,0,7,3,0,0,0,2,2,0,0,3,3,19,1,2,2,3,0,55586,14379,9558,33810,10,2,2015,1949,9159,7210
29,78,1,2,1000,1728.38,0,450542,0,1,4,9,5,0,-19530,2,2,0,4,1,3,3,1,2,0,1,2,32576,3641,3653,27055,4,27,2011,9130,9150,20
62,452,1,2,2000,1365.06,5000000,460265,1,0,5,0,5,0,0,2,2,0,3,0,0,2,1,2,0,1,1,47496,5277,5026,35151,1,5,1998,8007,9196,1189
34,162,2,1,500,1600.09,0,599269,1,2,3,19,4,49736,-60307,0,1,2,0,0,6,0,3,0,2,3,2,80382,13390,6878,58347,4,27,2004,3253,9174,5921
53,340,1,2,1000,1101.45,0,587341,0,0,9,3,1,0,0,2,1,0,3,0,0,2,1,2,0,2,0,45486,13600,4485,30037,12,11,2005,4383,9199,4816
32,92,2,1,1000,967.17,0,633840,0,2,2,9,4,26661,0,2,1,2,3,0,1,11,1,2,2,3,1,86704,15380,16149,55337,4,27,1999,2527,9186,6659
31,148,0,0,1000,1524.7,5000000,590457,0,1,1,4,3,0,0,0,2,0,0,3,5,0,3,0,1,3,2,52170,5721,5627,39721,12,18,2010,275,9149,8874
41,286,0,2,1000,1455.84,0,432251,0,6,4,7,3,0,0,0,3,2,4,3,5,16,2,2,1,2,1,43360,4174,7619,32015,6,6,2015,7356,9167,1811
41,240,2,0,500,903.98,0,433110,0,3,13,18,5,59221,-78285,0,3,0,4,1,5,3,3,0,2,1,2,93857,15452,7567,72576,3,34,2007,131,9146,9015
41,285,0,1,2000,980.72,5000000,457010,1,4,10,5,5,37326,-41644,2,1,1,1,0,0,23,1,0,0,0,0,83427,16399,8569,60577,5,13,2009,465,9179,8714
38,188,1,0,1000,1335.69,0,492756,0,0,11,19,5,0,0,0,3,1,0,3,6,18,3,1,1,0,1,42500,9349,4717,28906,2,38,2005,5206,9168,3962
41,246,2,0,1000,994.33,0,478832,0,3,13,11,2,52777,0,2,2,2,4,3,3,0,1,0,0,1,1,82504,20711,7209,57391,9,29,2006,847,9169,8322
46,269,2,2,500,1399.76,0,480143,0,3,12,15,0,0,0,3,0,1,4,2,6,7,1,0,2,1,2,5411,857,862,3839,2,37,2000,6059,9187,3128
32,179,2,2,500,1185.73,0,590305,0,6,6,14,1,60749,0,0,3,1,1,0,0,7,3,2,0,0,2,42935,8388,4091,32176,9,29,2011,4811,9165,4354
60,445,1,1,500,992.89,6000000,454346,0,5,11,2,3,0,0,2,3,1,3,2,1,7,1,0,0,3,2,44082,4598,4965,33033,11,21,2015,8068,9197,1129
43,225,2,1,500,1084.41,0,458705,0,5,6,8,0,38902,-58394,0,3,2,3,2,6,7,4,2,2,1,1,72485,6806,7131,55556,12,18,2006,267,9163,8896
56,397,2,0,2000,1296.7,0,470367,1,4,8,5,3,0,-31712,2,1,2,0,2,3,15,1,2,2,2,2,96196,8261,16310,73325,4,30,2011,430,9184,8754
32,135,2,1,1000,1278.68,0,432439,1,6,9,2,0,0,-74536,0,1,1,4,0,6,0,3,2,0,0,2,79593,20870,7049,48498,9,29,2012,3786,9149,5363
42,249,0,0,1000,1458.46,0,644632,1,2,6,15,1,0,0,2,2,1,3,0,0,6,1,0,1,0,0,63345,7127,6846,50036,0,23,1997,1883,9126,7243
43,293,1,0,500,1075.26,0,464395,0,3,11,6,5,0,-60329,0,3,2,4,3,0,23,3,1,2,2,0,64346,12856,6765,43817,1,4,2014,2958,9217,6259
48,297,0,2,1000,1309.42,0,613065,0,4,3,14,4,50992,-57799,0,3,2,0,0,2,20,2,0,2,1,1,85027,13822,12591,61724,13,28,2002,801,9184,8383
31,16,1,0,1000,921.97,0,634855,1,4,12,5,1,50901,-67987,0,3,2,0,2,1,0,3,2,0,2,2,57558,6355,13516,40748,4,30,1995,4622,9164,4542
59,449,0,0,2000,1399.94,0,427978,1,3,3,8,0,0,0,0,2,1,4,0,1,10,3,2,2,1,1,73181,6957,14794,51428,7,36,2006,5641,9206,3565
45,262,0,0,1000,1279.59,0,448302,1,4,7,1,2,57915,-33777,2,2,2,3,2,5,21,1,0,0,1,0,48295,0,4964,42386,0,33,2002,6041,9167,3126
33,125,2,2,1000,1046.14,0,446044,0,3,10,13,1,79925,0,1,0,1,2,3,1,3,1,0,2,1,2,3958,560,578,2664,7,17,2002,4316,9129,4813
32,103,1,2,1000,1291.3,0,442564,0,1,8,2,4,12366,0,1,0,3,2,0,2,3,1,1,1,0,0,4465,812,400,3013,1,4,1997,610,9155,8545
32,1,0,1,2000,1430.59,0,444469,1,0,11,18,0,63648,0,2,3,2,3,0,1,23,1,1,0,3,0,69469,7044,6710,55742,8,7,2000,2172,9216,7044
41,293,1,1,1000,1041.4,0,479858,1,1,9,13,5,25077,0,3,0,3,4,2,3,3,1,1,2,0,2,4292,824,390,2803,3,25,2009,3922,9136,5214
48,328,2,1,500,1439.92,3000000,470098,1,3,0,10,0,0,0,0,3,2,4,1,5,13,4,0,2,3,0,64419,7121,13852,44074,8,7,2003,7229,9117,1888
59,457,0,2,1000,1312.8,0,572794,0,1,1,6,4,46408,0,2,1,1,3,1,5,10,1,0,1,3,0,85578,7802,15191,62607,3,32,2012,2936,9156,6220
35,136,1,0,500,1465.34,0,435535,1,1,8,8,5,70140,0,2,1,1,3,0,1,10,1,2,2,3,1,59377,11360,5604,41400,4,30,1999,8824,9179,355
58,362,0,0,1000,1563.0,0,456503,1,4,4,6,2,69036,0,2,3,2,4,3,3,10,1,2,0,1,1,59613,7211,7618,42573,10,3,1996,5424,9152,3728
45,259,0,0,2000,1641.68,0,477521,1,0,5,5,0,0,-41524,2,1,1,1,2,2,18,1,0,1,3,1,85827,7339,15817,61387,9,29,1996,6973,9146,2173
28,18,0,1,500,1329.13,0,622822,1,3,13,6,1,0,0,0,1,2,0,0,1,6,3,0,0,2,2,73816,11623,11588,50373,4,27,2005,4678,9148,4470
42,235,2,0,1000,1044.59,0,494222,0,4,0,9,3,0,-47383,0,2,1,3,0,3,13,3,0,1,2,1,60321,11202,10796,35614,0,23,1999,5437,9150,3713
43,257,1,2,2000,1187.99,0,454835,1,4,2,12,1,28685,0,2,3,1,1,2,6,23,1,2,1,1,0,90588,8355,7852,72825,6,8,2011,6213,9121,2908
37,177,0,1,2000,1239.27,0,487397,0,5,13,18,0,40832,-57827,0,1,2,4,3,0,23,3,1,2,2,2,69447,11276,5833,48991,10,3,1998,5967,9171,3204
32,102,0,0,1000,1057.25,7000000,596617,0,5,7,15,3,52624,-43343,0,2,1,0,4,4,20,3,0,1,3,2,52450,9401,8841,34749,10,2,2013,8188,9165,977
34,194,0,1,2000,1391.35,0,457744,0,4,8,1,3,0,-47819,0,3,0,4,2,5,17,3,2,1,3,1,80196,13445,12742,54631,5,13,2009,6322,9204,2882
28,123,2,1,500,1218.09,0,431089,0,5,6,5,1,64864,-42034,2,2,1,0,4,0,17,1,1,1,0,1,75604,16182,0,54415,13,20,2014,8282,9146,864
43,265,0,2,2000,1317.12,0,484444,1,0,6,6,2,0,0,2,3,0,4,1,1,13,1,1,0,1,0,56247,6397,12794,37152,8,7,2010,1927,9166,7239
42,262,0,2,1000,1017.32,0,472208,0,1,5,9,0,0,-18852,0,1,1,1,0,6,18,3,0,1,1,1,88059,15004,7137,68994,11,21,1998,7315,9172,1857
40,302,0,1,2000,1672.92,5000000,472656,1,6,11,5,1,64521,0,0,2,2,1,3,5,16,3,0,0,0,0,60608,6753,6313,45346,5,13,2006,6333,9140,2807
54,378,2,2,2000,1386.35,7000000,466695,1,3,7,1,5,0,-52348,3,0,1,2,4,4,6,1,2,0,2,2,8559,872,1870,6054,8,24,2015,8375,9201,826
39,209,1,0,500,1236.1,0,464000,0,3,11,10,1,0,0,0,3,1,3,1,3,10,3,1,1,2,1,43576,8448,8114,25895,10,3,2013,396,9156,8760
26,80,1,1,1000,1102.55,6000000,627743,0,5,11,17,0,44138,0,0,1,0,1,1,3,0,3,2,1,2,2,44506,4776,4721,35938,10,1,2000,7963,9162,1199
31,133,1,1,1000,945.54,5000000,443601,0,1,10,6,2,0,0,2,3,0,1,3,4,13,1,2,2,3,2,84470,15612,7253,57070,3,32,1995,2500,9165,6665
35,15,1,1,1000,1397.41,0,620624,1,3,11,5,3,62087,-32750,2,2,2,3,1,2,0,1,0,2,1,2,53130,9920,9680,34860,13,20,2008,320,9202,8882
39,218,0,0,2000,1011.19,0,429174,0,4,1,6,1,39047,-48489,2,1,2,3,2,4,7,1,0,0,2,0,63557,6578,6966,46668,6,10,1995,3252,9159,5907
47,287,0,1,500,1478.57,0,471879,0,1,7,8,3,45649,0,2,1,1,0,0,6,17,1,0,2,2,0,28071,2675,5805,19650,7,17,2012,6898,9186,2288
45,321,0,0,500,1273.61,7000000,435423,0,5,9,13,5,0,-51866,2,3,1,0,0,0,13,1,2,0,1,1,65560,6549,12026,43860,0,33,2000,7862,9173,1311
33,57,1,2,500,1226.0,8000000,459552,1,4,8,14,5,0,0,3,0,1,4,2,1,9,1,0,0,3,0,3224,534,560,1922,9,35,1998,7693,9142,1449
62,452,0,0,2000,1118.96,0,611867,0,2,3,16,2,0,-48501,0,1,0,1,1,6,21,3,1,1,2,1,120666,18175,17874,78446,1,4,2006,3472,9209,5737
47,277,2,2,500,1347.97,0,461008,1,5,6,17,1,0,-39362,2,2,0,0,3,2,21,1,0,2,2,1,59494,6025,5569,46612,12,9,2010,6672,9175,2503
31,156,2,0,1000,1319.2,0,581045,1,4,9,14,3,0,0,1,0,3,2,3,0,8,1,1,0,2,0,4342,462,461,3477,10,2,1999,5413,9213,3800
44,258,1,2,500,1133.59,7000000,641654,0,0,12,8,4,44077,-32670,3,0,3,4,0,4,9,1,0,0,1,2,3935,663,652,2685,3,34,2014,598,9172,8574
28,111,1,1,500,1197.4,2000000,467989,0,6,4,11,3,0,0,2,3,0,1,1,5,1,1,2,1,1,1,53328,4809,9465,38745,8,24,1996,7725,9166,1441
37,264,0,1,1000,1299.75,0,479412,0,6,12,3,4,0,0,0,2,0,1,1,0,19,3,0,0,2,0,63074,6320,6429,53587,10,3,2003,6151,9160,3009
38,217,2,1,1000,1071.97,0,449713,0,5,13,18,3,0,0,2,1,2,1,0,1,12,1,2,0,3,1,90970,8536,15991,66826,2,38,2005,2695,9163,6468
39,26,2,1,1000,804.67,0,443117,1,5,12,17,0,0,-55096,2,3,0,4,2,1,0,1,0,0,2,2,50696,10288,4800,36114,8,24,2015,748,9216,8468
26,111,0,0,500,923.62,0,471507,0,5,12,8,4,60120,-54580,0,1,0,0,4,0,21,3,2,0,1,2,51918,8338,8704,33490,9,29,2013,5806,9162,3356
62,456,1,0,2000,1349.19,0,485478,0,1,7,6,0,0,0,2,2,2,0,0,0,18,1,0,0,0,0,60660,5151,9635,44995,6,10,2001,2769,9155,6386
46,342,2,1,2000,1116.66,0,412997,1,2,9,4,0,0,0,2,3,1,3,1,1,5,1,1,0,3,2,61367,5360,11515,44317,4,30,2009,5729,9192,3463
45,254,1,0,500,1084.75,6000000,429656,1,1,3,17,5,0,0,0,2,0,1,1,6,20,3,0,0,2,0,68522,13309,6248,50850,5,16,1999,7352,9193,1841
43,284,0,0,500,1318.46,-1000000,432481,1,0,6,11,5,0,0,2,3,0,0,4,0,13,1,1,0,1,2,95384,8166,16435,71150,3,25,1996,1963,9168,7205
39,250,2,1,1000,1114.45,0,462170,1,3,4,10,4,68842,-54912,2,3,1,4,1,6,18,1,2,1,2,2,53014,5643,5565,39859,9,26,2001,5872,9162,3290
47,337,0,1,2000,1453.34,0,632311,0,0,1,2,3,0,-58504,0,2,0,3,6,4,1,3,0,2,3,2,64100,12448,6089,46799,4,30,2014,6631,9148,2517
43,248,2,0,500,1048.21,0,453840,1,2,3,13,0,69430,-41229,2,2,0,3,1,1,16,1,2,1,1,2,78166,13151,6466,56467,5,16,2009,5462,9158,3696
44,223,1,1,500,1558.06,0,485501,0,0,8,14,2,59389,-62565,2,2,0,1,1,2,18,1,2,1,3,1,67177,13667,7099,46069,4,30,2003,2241,9135,6894
47,279,0,2,1000,1455.48,0,434692,0,3,11,13,0,0,-44583,1,0,3,4,0,2,9,1,2,2,3,0,6855,830,806,5092,13,20,2003,4729,9160,4431
45,328,1,1,2000,1733.95,7000000,446002,1,1,13,10,1,46624,-41616,0,1,1,1,2,4,13,3,0,2,0,0,54419,4446,8948,41698,10,3,1995,8526,9177,651
43,269,1,2,2000,1345.21,0,453722,1,0,0,18,1,0,-8151,0,1,1,4,2,6,9,3,1,2,0,0,98480,17715,16798,57764,5,13,2007,8812,9177,365
47,316,1,2,500,1468.35,0,641276,1,6,3,10,2,70649,0,0,2,0,3,2,3,15,4,1,0,1,2,74532,14937,15606,47800,4,30,2002,7812,9188,1376
28,126,2,1,1000,999.79,0,476942,0,0,11,13,3,68328,0,2,1,0,1,1,2,5,1,2,1,3,0,72580,15173,7342,55030,11,15,2003,8608,9153,545
28,27,2,0,2000,1362.17,0,453366,1,3,4,14,2,0,-33052,0,1,0,3,5,5,10,3,2,0,2,1,52796,5376,10934,37332,1,5,2015,2076,9167,7091
36,176,1,0,2000,1319.67,0,456253,0,1,12,13,3,55274,-56328,0,2,2,0,0,5,21,3,2,2,2,0,63895,11183,11259,42379,4,30,2012,5753,9184,3431
33,152,2,1,500,928.37,0,500056,0,6,13,8,5,0,0,2,3,0,1,1,2,16,1,1,0,0,2,73356,6579,19545,44038,11,21,2001,3637,9166,5529
45,232,1,2,1000,1127.31,0,448259,1,3,5,1,0,65921,0,0,3,2,3,6,6,23,3,0,0,3,0,42641,7077,3549,33176,6,6,1997,1382,9177,7795
37,50,0,2,2000,1712.68,0,583521,1,0,5,1,1,74943,0,0,3,0,1,3,5,17,3,2,2,0,1,50844,10567,5166,34160,1,4,2006,4982,9161,4179
47,342,1,0,2000,1052.68,0,427335,1,4,2,13,2,92727,0,0,1,0,4,2,0,22,4,1,2,0,2,69391,10620,10752,47444,7,17,2010,655,9145,8490
34,127,2,2,500,1036.47,0,420113,0,3,9,3,0,73310,-62016,1,0,1,2,2,3,8,1,0,2,0,1,4011,406,815,2828,7,36,2013,1724,9145,7421
50,363,2,2,1000,1507.95,0,443535,0,0,12,9,2,59757,-25021,2,2,0,1,0,0,7,1,1,0,3,1,76003,7758,14552,51354,4,30,2012,5800,9153,3353
38,244,1,1,2000,1039.13,0,459465,1,3,11,11,0,0,0,0,2,2,0,2,3,21,3,0,1,2,2,19785,4413,2056,12974,10,2,1995,2324,9187,6863
32,176,1,0,1000,1445.36,6000000,616330,0,2,0,15,5,40102,-41328,0,3,2,0,0,3,15,3,0,0,1,0,41648,7291,7564,25362,10,3,1999,8111,9126,1015
54,460,2,1,500,1133.36,0,601860,0,6,9,5,4,37724,-55110,0,1,0,1,1,1,12,3,2,2,3,2,56430,0,6533,52567,6,8,2014,6899,9224,2325
29,125,0,1,2000,1305.21,5000000,452704,0,2,11,2,3,0,0,0,1,2,1,1,0,12,2,1,1,1,2,70163,10794,10341,45608,10,2,1995,3663,9168,5505
30,141,0,1,2000,1481.78,6000000,602670,0,3,1,0,5,60416,0,1,0,1,2,2,0,2,1,1,1,2,2,6028,696,690,4831,6,10,2002,2712,9210,6498
29,3,1,0,500,1044.48,5000000,640679,0,3,8,5,4,0,0,1,0,3,4,5,6,3,1,2,2,1,2,4920,512,998,3542,8,12,2008,1081,9188,8107
44,283,0,2,1000,982.8,0,442288,0,2,0,14,3,0,-57512,1,0,1,4,1,2,8,1,0,2,2,1,5741,600,626,4266,13,28,2005,5964,9141,3177
37,138,0,1,1000,1471.95,0,603406,1,6,6,11,0,14325,-43743,0,3,1,0,2,4,17,3,0,2,0,1,74652,9659,9485,55699,5,13,1996,185,9158,8973
46,313,0,0,1000,880.65,0,456059,0,5,8,0,2,0,0,2,1,0,4,4,3,21,1,1,1,0,0,54176,6264,5878,41965,1,5,2005,4574,9200,4626
42,232,1,2,1000,1561.55,7000000,644978,1,3,3,5,2,0,-68831,1,0,1,4,5,6,19,1,2,2,2,2,6275,582,1194,4875,12,9,2011,4614,9217,4603
22,20,0,2,1000,1778.47,0,465996,0,3,12,0,5,0,0,0,2,0,1,1,4,21,3,0,2,2,0,65084,5968,11040,48070,3,34,2002,3418,9152,5734
34,121,2,2,500,1323.98,0,470559,1,4,8,18,5,0,0,2,1,0,1,3,4,11,1,0,1,1,0,65954,6703,6884,56478,4,30,2000,421,9143,8722
24,78,0,2,500,1846.27,0,470563,0,0,8,13,1,54574,-33580,2,1,2,1,3,3,0,1,0,2,1,2,68681,13207,6976,46890,8,7,1995,3950,9163,5213
33,140,1,1,500,1362.87,5000000,443228,0,3,3,13,3,55534,-58094,2,3,1,3,0,6,6,1,0,2,0,2,94181,14297,14622,66064,2,37,2007,2604,9198,6594
32,51,0,2,500,1447.96,0,469566,1,6,6,4,4,0,0,2,3,0,1,0,6,23,1,2,2,3,0,66832,6535,19953,39637,6,10,2007,8757,9180,423
48,288,1,2,500,1216.78,8000000,478366,0,6,5,2,3,0,-41589,2,1,2,3,1,6,1,1,2,1,0,2,42213,8348,0,33359,0,33,1999,2090,9142,7052
51,333,0,0,500,1217.91,0,425910,1,0,1,1,5,0,-32939,2,2,1,1,1,0,8,1,1,0,1,0,85881,14140,7329,64540,0,31,2001,3783,9190,5407
38,257,1,1,1000,1388.98,0,445165,0,4,10,19,0,0,0,0,2,2,3,0,0,17,3,0,2,3,2,56112,6676,0,46349,0,23,2002,6113,9203,3090
39,271,0,2,2000,1139.16,0,489333,1,4,0,8,0,28391,-64700,0,2,1,4,2,0,10,3,2,0,3,1,51694,9254,10122,34785,12,11,1999,1815,9213,7398
33,156,1,2,1000,1482.53,0,627681,0,2,3,8,0,61784,0,0,1,2,0,4,5,17,3,2,2,3,1,53803,5026,5031,43000,9,29,2006,6999,9135,2136
38,160,0,0,2000,1191.45,0,580918,1,2,1,8,0,0,-36652,0,2,2,4,3,5,9,3,1,0,3,0,46662,4334,8122,33566,11,21,2015,4344,9180,4836
36,173,1,0,500,1329.72,0,438680,1,1,9,8,5,0,0,0,1,1,0,0,4,7,3,1,2,1,2,72345,13039,6614,50741,12,11,1998,9119,9201,82
26,40,2,0,1000,1284.49,0,624780,0,1,3,8,1,0,-55651,0,3,0,3,1,1,12,3,1,2,0,2,45796,0,5888,39874,0,23,2011,754,9152,8398
54,407,1,0,2000,704.74,0,461785,1,4,10,2,3,0,-16660,2,3,1,0,2,3,0,1,1,0,2,0,56663,10247,10386,40552,6,6,2001,7569,9171,1602
40,221,2,0,1000,1263.77,0,599357,1,1,4,10,2,34270,-50440,0,2,1,1,1,3,20,4,0,0,2,1,49267,4509,4491,38630,6,10,2005,1696,9185,7489
35,123,0,0,500,969.31,0,426730,1,5,11,11,2,0,-41817,1,0,3,2,0,5,8,1,2,1,3,1,5888,1031,1023,3791,4,30,2015,7005,9131,2126
57,416,1,1,500,1061.32,0,601964,1,2,5,19,3,0,-65042,0,1,2,4,1,6,19,3,0,0,2,0,68244,15392,7280,46811,11,15,1997,4594,9174,4580
37,166,0,0,1000,1170.03,0,477850,0,2,9,2,0,0,-34843,0,2,2,1,0,1,5,3,0,2,1,0,50149,5185,10753,36153,10,3,2003,8187,9180,993
32,123,0,2,2000,1304.5,0,497375,0,1,11,17,0,15713,-60220,0,3,2,1,5,1,13,3,0,1,1,2,52662,6133,0,49562,9,35,2000,6301,9159,2858
42,237,2,1,2000,1588.71,0,469173,1,2,10,15,1,44431,-42624,3,0,1,2,2,2,3,1,0,1,0,1,4541,405,866,3349,13,20,2012,2730,9199,6469
26,28,2,0,2000,1131.06,0,486875,0,1,0,7,3,0,-56971,2,1,2,1,0,4,23,1,2,1,3,2,61190,6792,6607,48023,5,16,2008,4561,9211,4650
51,278,1,2,2000,1201.69,0,646208,0,3,8,9,4,0,0,1,0,1,2,2,0,16,1,0,1,1,1,5575,1286,847,3125,11,21,2001,1118,9136,8018
28,119,1,0,2000,1894.77,0,474323,1,5,13,12,3,39558,-39263,2,3,0,0,4,5,5,1,2,2,1,1,80996,12648,6723,57575,13,28,2011,8377,9154,777
41,248,1,1,500,1601.82,5000000,605638,0,6,5,16,3,42875,-50208,2,1,1,4,0,5,8,1,1,2,2,0,64041,5971,11447,44313,2,38,1999,2208,9144,6936
34,155,0,0,1000,857.62,0,619129,0,2,4,5,0,0,0,2,2,1,0,0,0,2,1,1,0,2,2,83683,7517,7840,67116,5,13,2002,5634,9163,3529
34,196,1,0,500,1452.83,0,482765,0,3,10,2,0,68545,0,0,2,1,0,0,3,11,3,0,1,2,1,58057,10890,5908,41681,12,9,2005,520,9155,8635
31,181,0,0,1000,1376.08,6000000,609544,0,0,10,0,3,51110,0,2,2,0,4,4,0,4,1,1,1,2,0,53712,5512,10905,38547,9,35,2014,1688,9168,7480
39,251,0,0,500,1284.48,0,477138,0,2,13,3,0,0,-46071,3,0,3,4,2,6,5,1,1,1,1,0,7218,660,665,5850,10,3,1998,2989,9144,6155
47,251,2,0,1000,859.23,0,465165,1,6,9,4,4,0,-48313,2,2,1,3,1,6,19,1,2,0,3,2,79396,13353,12737,55286,3,34,2013,3929,9190,5261
43,310,1,2,1000,1363.65,0,453662,1,2,4,19,4,0,-51559,0,1,1,0,0,3,18,3,0,0,0,0,60992,12556,6118,44620,10,3,1999,905,9210,8305
38,202,0,1,2000,1365.55,0,494924,0,6,13,18,1,0,0,3,0,1,4,1,4,14,1,1,0,0,1,7004,1230,1179,4218,7,17,2003,750,9188,8438
41,245,0,0,2000,1265.49,0,456366,0,6,11,7,2,83088,0,0,2,0,3,1,6,10,3,0,2,2,1,76945,7530,15237,59659,12,9,2014,8528,9132,604
51,440,1,0,1000,1562.28,0,587273,0,2,12,4,4,0,0,1,0,3,4,4,6,9,1,1,2,2,0,7054,624,1276,4949,6,8,2013,8896,9189,293
32,3,0,2,500,1227.76,0,632145,0,1,3,1,2,0,0,0,3,0,4,2,4,0,4,2,0,0,2,69488,5861,11746,50245,3,32,1996,4882,9188,4306
37,151,0,2,1000,1053.88,6000000,458250,1,0,6,10,4,0,-52885,0,2,2,3,0,4,17,3,2,1,1,1,75426,13488,7377,56826,11,21,1999,681,9144,8463
41,212,2,0,500,1224.23,0,457957,0,3,8,12,0,87692,-44547,0,3,0,4,4,1,7,3,1,1,0,2,73330,12243,12461,44870,11,15,1999,1558,9185,7627
42,239,2,2,500,1309.04,0,448423,0,0,6,2,3,0,-79106,0,1,0,0,1,5,10,3,2,0,1,0,36479,4011,4378,30357,7,36,2008,5881,9174,3293
46,262,2,2,2000,1478.17,0,631803,0,0,0,4,5,40345,-66008,0,3,2,0,3,3,8,3,1,1,1,2,67214,5317,10291,47516,0,23,1998,740,9150,8410
26,90,2,1,1000,1172.5,0,612355,0,3,5,12,0,0,0,2,2,0,0,1,4,6,1,1,1,2,1,70052,7494,7568,49654,5,13,2013,6503,9209,2706
37,196,2,1,500,1301.2,0,474615,1,3,12,18,5,47627,0,2,1,0,0,4,1,4,1,2,0,3,0,61433,10436,11432,39745,9,29,2011,2743,9155,6412
43,229,0,1,500,1434.94,8000000,444476,1,1,6,9,0,0,-32289,0,2,0,0,0,0,17,3,0,0,1,2,68623,6798,14557,50606,13,28,2013,4173,9150,4977
35,209,2,0,500,1639.46,0,639608,0,1,13,9,1,0,-40797,0,2,1,1,1,5,7,3,0,2,0,1,58033,9129,4598,40740,8,7,2002,4765,9201,4436
44,275,1,2,2000,1042.29,0,432061,0,0,6,13,2,46822,0,0,2,0,0,4,3,20,3,2,1,0,0,35253,7359,3464,24677,1,4,2007,4957,9146,4189
47,263,2,2,500,1282.56,0,433809,0,2,6,17,5,54087,-61343,0,3,2,4,3,2,5,3,2,0,0,0,24320,2250,4285,18092,11,15,2008,2425,9145,6720
